x,y,z,vx,vy,vz,temp
-647254,3.70665e+06,-1.01645e+06,-427.272,-6150.53,2377.04,2000
-1.90082e+06,-724409,1.32637e+06,1925.8,5207.43,-7270.2,2000
1.22016e+06,3.02883e+06,492303,-1251.92,-6847.73,-783.202,2000
5.35654e+06,-1.8728e+06,-650487,-3324.88,678.181,-4796.41,2000
2.37366e+06,370400,-449370,-524.049,-3411.72,2230.42,2000
-5.15543e+06,687827,1.69166e+06,-18574.6,-4530.57,-6823.48,2000
-2.84456e+06,-2.0125e+06,-1.46198e+06,8034.44,4434.26,-852.315,2000
2.02616e+06,-199812,-1.01039e+06,-2322.29,-184.16,586.53,2000
1.19532e+06,2.19024e+06,204570,-1945.89,-2201.9,-2078.82,2000
1.96377e+06,-1.28383e+06,-1.24749e+06,-8357.99,924.888,3485.61,2000
-1.50681e+06,-1.17065e+06,1.41535e+06,4530.19,1813.04,-7383.67,2000
3.53254e+06,-1.09299e+06,-1.18538e+06,-6658.91,1017.27,2986.28,2000
-676881,1.80051e+06,981559,2503.03,-3321.02,-4350.39,2000
-2.90776e+06,-164968,2.77456e+06,-5422.81,3797.86,2414.42,2000
-1.68729e+06,-523813,-3.3393e+06,2587.02,-687.146,6066.91,2000
-1.07444e+06,-1.50323e+06,2.0872e+06,3011.59,2181.92,-4981.41,2000
-175313,3.48444e+06,1.13393e+06,2089.01,18680.3,-8410.04,2000
-1.12972e+06,-2.04921e+06,2.43529e+06,2735.71,5549.65,-4736.62,2000
-4.00551e+06,-587386,253814,3259.25,-4973.26,-2647.85,2000
-567772,2.86688e+06,-1.4469e+06,-2060.48,-7079.05,2649.96,2000
-2.07998e+06,-539922,186462,-6099.14,7277.43,4333.58,2000
2.42931e+06,320557,-511500,-2860.22,-3233.85,4739.46,2000
1.01347e+06,1.61476e+06,3.24837e+06,-1578.92,-4825.04,-6604.75,2000
-271539,-736466,-2.95131e+06,-1595.5,-3150.8,6793.38,2000
-2.96397e+06,368012,-1.72312e+06,5671.77,-3285.82,-533.325,2000
-1.82497e+06,1.98763e+06,1.26034e+06,4737.15,-3804.37,-3820.16,2000
-602861,-2.244e+06,-1.85217e+06,1991.69,6497.63,5723.83,2000
502735,-171095,670396,4049.72,9236.14,-9410.79,2000
3.28459e+06,-627678,694230,-10143.2,1255.86,-1794.91,2000
-3.00025e+06,-1.40422e+06,6.06554e+06,-13507,3579.42,4810.24,2000
-1.93101e+06,1.447e+06,644304,13083.9,4025.15,-779.221,2000
-546875,-27672.3,-619894,823.211,-4571.98,3282.06,2000
-9.9247e+06,-4.36042e+07,5.29282e+07,-13004.8,-95299.4,108491,2000
837824,-1.58e+06,-1.63963e+06,3011.59,4855.97,3141.45,2000
-2.32376e+06,-274389,1.72313e+06,5299.04,-5011.22,-7535.64,2000
249616,-173906,-2.22759e+06,-430.07,-902.406,2923.69,2000
2.92037e+06,-4.74241e+06,3.08674e+06,6525.25,747.736,10505.8,2000
-573827,-803578,1.56403e+06,133.851,-652.5,-3472.95,2000
1.3454e+06,3.5782e+06,-878730,-2370.52,-7376,2096.17,2000
-1.74739e+06,164838,1.11272e+06,5466.47,-1323.18,-4937.65,2000
-1.7936e+06,-2.33228e+06,2.22891e+06,4751.71,5015.71,-4851.95,2000
-790079,-653404,1.40403e+06,2448.83,-120.266,231.912,2000
-1.02001e+06,-3.76297e+06,-2.88281e+06,-5856.3,-5134.7,693.487,2000
-2.25811e+06,-8.08209e+06,676258,-3172.26,-4022.09,5716.39,2000
1.14797e+06,-3.11116e+06,-854163,2601.19,8920.74,1513.4,2000
-1.84142e+06,1.65882e+06,1.94192e+06,4195.03,-4741.72,-811.987,2000
2.12726e+06,1.90843e+06,709423,-4183.96,-4876.55,-2972.64,2000
28847,-767437,-3.20832e+06,885.169,-3588.07,7788.95,2000
-303118,-846153,478538,-85.4347,1132.22,-1844.15,2000
-465678,-1.79477e+06,995328,626.645,5589.57,-1976.06,2000
-339158,2.00811e+06,-906210,604.674,-5048.6,957.879,2000
2.28551e+06,3.10677e+06,-810616,2007.59,-881.317,-4391.51,2000
1.14775e+07,1.66657e+06,-1.0529e+07,33614.7,4080.1,-26455.3,2000
1.22994e+06,979813,2.6121e+06,-4073.73,-8655.77,10283.9,2000
-1.42154e+06,-2.64589e+06,1.44896e+06,2193.9,6021.14,-4388.09,2000
-80671.3,2.17027e+06,914337,1671.84,-6243.98,1502.52,2000
-250185,1.62504e+06,-1.58236e+06,1311.14,-3185.29,4919.68,2000
602233,-3.75341e+06,2.88625e+06,476.615,47.7785,13758.8,2000
-1.62614e+06,2.33894e+06,-162828,3007.5,-6333.19,968.31,2000
2.91812e+06,-1.07957e+06,383727,-5602.33,454.621,2123.18,2000
-5.46163e+06,5.32756e+06,-3.63347e+06,-1582.1,2703.23,-8168.56,2000
3.16348e+06,151605,-1.78655e+06,-7297.43,1044.07,5217.33,2000
2.97419e+06,1.54759e+06,2.62416e+06,-415.567,-1417.8,-4474.28,2000
1.022e+07,1.9081e+06,-9.25123e+06,13971.3,-1828.53,-18728.8,2000
2.97276e+06,-592246,281287,-6807.47,-27.9344,346.132,2000
-2.8372e+06,53801.3,777258,8169.67,1522.06,-3063.37,2000
-342141,-2.41331e+06,197499,2230.33,6022.11,2827.81,2000
424663,3.66016e+06,1.54086e+06,-225.872,-6538.22,-2524.97,2000
13598.3,-410786,-2.6332e+06,2761.8,-823.264,5003.29,2000
936348,-4540.66,4.62866e+06,-4476.95,7680.49,13728.6,2000
2.56061e+06,1.08923e+06,2.17223e+06,-5322.06,-3551.31,-5782.04,2000
-1.42921e+06,2.40787e+06,2.01218e+06,3340.56,-7554.2,-5034.29,2000
429354,-2.94992e+06,2.05818e+06,-1272.63,6305.51,-4162.06,2000
-473986,3.25208e+06,-1.27146e+06,540.361,-5136.41,4014.43,2000
369350,1.33306e+06,-510832,207.577,-2908.68,1375.25,2000
-3.12328e+06,1.11486e+06,-1.16219e+06,9194.73,-560.02,-2846.58,2000
1.67539e+06,1.17578e+06,-1.93058e+06,-2811.08,-5175.99,5260.22,2000
503869,910872,5.53158e+06,3485.64,-1467.45,14788.7,2000
-211790,-886312,3.11718e+06,1091.56,2377.07,-8411.23,2000
1.4599e+06,3.77166e+06,-2.9687e+06,-2190.27,15678.9,-19136.7,2000
1.77656e+06,-276236,-1.23071e+06,-2482.92,-906.175,2913.65,2000
-252136,1.54413e+06,1.86585e+06,1384.64,-4543.9,-6140.93,2000
-2.07124e+06,-452277,-2.49167e+06,5463.3,-4865.34,8137.93,2000
980496,3.70835e+06,-1.0063e+06,-5296.52,-899.515,386.608,2000
-1.35316e+06,-7.87476e+06,-2.00853e+06,5799.58,-17571,-3641.21,2000
-1.29614e+06,-3.00166e+06,1.29041e+06,1348.17,8284.07,-559.821,2000
-1.34143e+06,-2.86546e+06,1.35303e+06,4585.75,5959.19,-2813.05,2000
-1.57177e+06,2.15869e+06,62638.6,4034.55,-7737.03,4743.48,2000
-1.00243e+06,817124,-921034,5115.79,-4608.7,3133.19,2000
5.68677e+06,1.63373e+06,-6.94987e+06,19509.1,-6874.85,-15347.3,2000
-255923,3.04282e+07,5.81566e+06,-4080.05,56826.7,9955.16,2000
-551961,-2.01618e+06,226870,-21.1103,5694.24,-2321.91,2000
186362,-1.02066e+06,-765444,58.3076,-1024.18,3783.15,2000
-1.46304e+06,-821968,-261304,4263.71,5752.4,-3354.24,2000
-167019,-1.24563e+06,1.71592e+06,-1167.93,6143.9,-3326.47,2000
-3.41665e+06,144259,-1.15559e+06,7874.31,1503.43,2561.69,2000
-1.38713e+06,-1.53513e+06,1.7303e+06,-14375.8,-26267,87.0617,2000
-2.08054e+06,-1.85282e+06,-1.26772e+06,3333.37,4670.41,2093.74,2000
401766,-628593,2.76995e+06,1590.21,-1641.08,-2700.07,2000
1.31583e+06,424998,2.30595e+06,-2833.88,-413.805,-6104.82,2000
-871001,2.96685e+06,-337409,3291.78,-4107.75,265.18,2000
1.78462e+06,379947,-1.62152e+06,-1703.05,-1019.18,2584.97,2000
247121,-224117,1.7834e+06,-1819.54,-318.94,-2975.27,2000
-617818,-3.04254e+06,-1.23478e+06,1476.07,5910.96,6262.2,2000
-443050,-745411,1.54152e+06,-1328.62,1635.93,-3148.25,2000
929170,-1.1726e+06,-2.69408e+06,1552.01,6718.91,2106.91,2000
-2.72651e+06,984394,-1.60644e+06,4473.77,-3504.22,5893.01,2000
2.16279e+06,1.68935e+06,711681,-1663.77,-7034.6,-2621.95,2000
1.57317e+07,8.20739e+06,-2.41621e+07,40741.6,13624.5,-67972,2000
-2.3413e+06,118262,-128352,7852.86,-2756.45,1724.38,2000
-3.54649e+06,-116120,709902,8199.53,1602.24,-2102.08,2000
-3.80057e+06,-1.29282e+06,545802,6762.46,2811.17,-1089.54,2000
1.9335e+06,-4.37604e+06,-2.18634e+06,-5881.76,-11496.5,-3153.26,2000
-1.39556e+06,-2.98922e+06,1.3609e+06,3401.72,5677.89,-2720.09,2000
610771,-664508,-1.15814e+06,-1445.33,-543.459,3408.81,2000
23021.4,-1.77788e+06,-1.5022e+06,1802.04,2956.1,2741.65,2000
-370697,-2.30905e+06,24494.4,2754.41,8186.87,-577.84,2000
1.77462e+06,-1.28986e+06,-1.33361e+06,-4850.9,-1005.9,5791.56,2000
2.86336e+06,-43081.2,675034,-7089.19,-1906.89,-4167.07,2000
1.36305e+06,-1.07317e+06,1.36083e+06,-4908.02,3049.81,-2580.16,2000
-3.41374e+06,1.39957e+06,-1.4026e+06,3727.52,854.958,1578.27,2000
1.82858e+06,-2.03674e+06,-1.49547e+06,368.269,6918.88,4028.53,2000
1.70495e+06,-2.09753e+06,-1.07841e+06,-2337.99,6842.5,-313.415,2000
-628960,-715120,1.53895e+06,-132.638,-3371.33,-918.263,2000
1.08422e+06,-814181,-3.36379e+06,-2726.24,188.787,7981.79,2000
-1.62197e+06,-1.86572e+06,-849207,-9102.79,-6478.25,-569.205,2000
852359,1.21676e+06,1.19907e+06,577.217,-2479.51,-1831.25,2000
1.88612e+06,1.51696e+06,2.52845e+06,8697.66,-2231.82,-7790.62,2000
754875,-2.60092e+06,1.5804e+06,-7397.4,10118.7,1501.88,2000
423238,-1.94727e+06,-1.27279e+06,1122.02,7077.34,10357.7,2000
-1.97332e+07,-4.24943e+07,-9.62431e+06,-39642.9,-62370,-15693,2000
-2.36926e+06,138389,-46195.1,3497.92,-622.281,3201.04,2000
-598695,2.70551e+06,13974.8,344.807,-6193.64,105.651,2000
787700,-881990,2.39266e+06,-3817.09,3867.66,-2706.86,2000
-149468,-1.26522e+06,-1.02343e+06,1224.02,4149.77,1995.64,2000
1.05296e+06,1.2197e+06,2.53231e+06,-9592.54,310.026,1119.35,2000
2.32542e+06,-1.5594e+06,2.37948e+06,-3963.27,3487.69,-5889.33,2000
2.12443e+06,-1.34476e+06,366190,-3557.69,-5856.71,3049.54,2000
-1.80656e+06,-2.79497e+06,933077,4356.59,5771.91,251.439,2000
-3.41618e+06,-2.08875e+06,-145649,6450.37,3338.11,-228.944,2000
-5.89299e+06,-248176,4.00121e+06,-14406.3,6923.05,1119.36,2000
-311462,-1.56881e+06,-1.76544e+06,1226.63,5466.37,2872.86,2000
2.47823e+06,1.37917e+06,-1.9531e+06,-5899.33,-5292.47,-6000.69,2000
-2.65406e+06,3.90834e+06,-1.16495e+06,5113.82,3436.57,6609.12,2000
1.83934e+06,-476380,-2.04335e+06,-4814.49,-251.715,6520.57,2000
-207580,-949190,-1.04526e+06,895.249,431.846,3463.84,2000
1.39011e+06,-2.58037e+06,-796710,-3089.49,6184.5,-684.954,2000
2.67658e+06,798081,-1.43056e+06,-5561.98,-1674.19,5142.18,2000
-1.83009e+06,-2.94381e+06,960789,5926,7290.94,-1881.24,2000
5.99079e+06,1.01143e+07,1.07119e+07,13033.1,16129.6,13144,2000
-2.68451e+06,-850232,1.43643e+06,3436.61,2827.1,-5494.22,2000
-3.44281e+06,1.11121e+06,-503284,5883.99,-3929.63,2106.39,2000
914638,-233447,-2.4961e+06,-2478.1,-742.1,6706.82,2000
-1.1076e+06,-286537,-588295,-1455.24,-17528.1,-11975.6,2000
1.66552e+06,-2.25163e+06,-241720,-3124.36,6169.16,-2172.27,2000
1.1132e+07,-2.65463e+07,3.76587e+07,11109.2,-42091.4,53769.3,2000
-1.38239e+06,3.41147e+06,-844158,3019.33,-6714.95,2790.6,2000
-349702,898159,2.95447e+06,-54.8727,-1736.9,-5973.42,2000
-2.07699e+06,-502785,1.73931e+06,5934.83,-2490.03,-6479.9,2000
-2.28139e+06,797404,-3.41182e+06,4440.76,2637.11,3218.39,2000
-1.96665e+06,-213202,-72955.1,5934.13,2977.4,289.721,2000
-835890,-3.91531e+06,2.31013e+06,-1271.72,-8815.11,4311.9,2000
3.68829e+07,1.0245e+08,1.40398e+08,65591.4,156149,223651,2000
2.34919e+06,1.52356e+06,558407,-6544.08,-2035.37,-736.475,2000
-2.36772e+06,122224,962715,7150.47,518.117,-3731.36,2000
-436231,3.78021e+06,-1.57145e+06,7941.13,-2289.19,-2383.09,2000
-924358,2.72008e+06,-726062,533.28,-5030.69,1778.3,2000
1.81704e+06,447167,-2.17534e+06,-4677.52,-784.978,7675.77,2000
-3.19537e+06,629391,-987152,7070.08,1560.34,3011.02,2000
-4.51134e+06,3.38169e+06,-225363,-6606.21,1.0708,-2444.47,2000
-18705.8,1.82224e+06,2.24819e+06,339.787,-5938.02,-5651.12,2000
527971,-863664,2.27779e+06,-1849.48,2954.95,-4116.33,2000
2.70845e+06,-899354,24517.6,-2629.93,2348.8,-1371.45,2000
261624,-1.359e+06,804208,-951.277,11516.1,-4651.63,2000
1.20758e+06,-1.56554e+06,-3.78768e+06,15521,-161.888,-17911.8,2000
-76154,110066,3.76749e+06,8590.54,-2730.15,11195.6,2000
-1.3761e+06,-1.00069e+06,1.12438e+06,3296.66,-2138.68,-1059.22,2000
-1.492e+06,-729770,1.0927e+06,1932.75,-88.0604,267.807,2000
-2.02649e+06,-770682,-1.83963e+06,2640.87,-223.664,4741.28,2000
2.82946e+06,1.48647e+06,1.02626e+06,-8211.25,-3499.93,-3504.91,2000
3.81972e+06,1.07216e+07,7.41306e+06,11696.6,25966.7,16432.2,2000
-2.61273e+06,1.66242e+06,1.47623e+06,4423.01,-4987.95,-4367.41,2000
-475798,-304016,2.09059e+06,3823.94,3665.32,-5074.85,2000
712991,3.46178e+06,-2.97395e+06,3081.69,6589.09,-14936.3,2000
-2.30422e+06,850718,-1.18791e+06,2758.07,-3729.12,3188.91,2000
1.55564e+06,225.752,-3.52543e+06,-3251.02,-1339.19,6489.34,2000
-1.88064e+06,-8.19047e+06,-1.33833e+06,-4913.8,-2180.23,-562.766,2000
683917,1.36346e+06,1.82782e+06,360.688,-4984.29,-4549.48,2000
-78874.5,-910240,-295091,-2055.37,-294.413,-2204.54,2000
2.3794e+06,1.13217e+06,-501883,-5193.3,-5480.65,3010.77,2000
1.8536e+06,2.33874e+06,500537,-4687.97,-7573.87,2483.12,2000
-781137,-3.395e+06,-1.84439e+06,-5082.94,5160.78,2135.2,2000
-357487,1.54857e+06,-1.88563e+06,-1979.76,-4539.02,5081,2000
512554,-2.43864e+06,-1.99309e+06,428.98,7903.14,5434.02,2000
-1.82683e+06,1.64544e+06,1.47933e+06,4314.13,-1949.1,-2660.5,2000
1.57455e+06,1.58164e+06,219109,-2534.09,-3292.04,602.581,2000
-4.69881e+06,-1.70811e+06,8.64543e+06,-14238.6,-6668.53,10583.4,2000
1.47214e+06,1.45259e+06,2.70356e+06,-3182.27,-4982.39,-6865.36,2000
-1.27103e+06,-999347,-201194,3923.74,4060.14,-2355.67,2000
-77677,-89760,-2.49151e+06,2133.19,503.1,5373.76,2000
1.21333e+06,-2.56671e+06,2.37353e+06,-2478.96,5664.95,-4794.51,2000
-3.07294e+06,1.11691e+06,-331738,7896.27,821.163,3500.49,2000
1.96128e+06,952927,-503871,-4597.98,-1871.73,-542.149,2000
901208,-1.01531e+06,2.35612e+06,1102.84,4491.67,-2784.65,2000
-431421,-949712,1.80152e+06,103.285,5118.71,-2707.24,2000
-1.74902e+06,-2.44838e+06,90124.9,4756.11,5307.89,310.336,2000
2.17389e+06,1.3288e+06,-771842,-2946.94,-1098.08,3414.03,2000
-1.32161e+06,3.13752e+06,707931,2634.61,-5612.1,-1605.78,2000
1.39681e+06,1.07434e+06,2.89307e+06,-3147.93,-935.379,-5997.59,2000
-1.76553e+06,-1.06139e+06,1.08699e+06,162.328,925.402,6994.59,2000
608000,196963,-2.19273e+06,-1294.79,-3499.58,7020.31,2000
2.1518e+06,-146222,-1.26566e+06,-5800.64,-85.5211,4032.08,2000
2.696e+06,-753612,136158,-8059.45,2349.22,399.499,2000
1.12076e+06,-3.16006e+06,-900622,-1942.35,7778.95,1904.04,2000
1.74161e+06,-1.74971e+06,-1.29444e+06,-8196.69,6454.92,4514.96,2000
-3.15242e+06,1.17491e+06,-547561,6817.94,-1061.2,-1311.67,2000
1.12352e+06,-2.46177e+06,-1.01495e+06,-572.992,6152.46,651.026,2000
-1.33683e+06,-796064,-197887,3685.81,4246.64,444.046,2000
-1.37909e+06,-2.27283e+06,1.28092e+06,1743.94,7743.16,-3577.95,2000
1.83921e+06,-422782,2.69067e+06,-5350.01,3011.77,-7501.58,2000
-914398,1.90054e+06,957804,-218.471,-4252.44,-3141.09,2000
-1.46234e+06,-839172,102117,3675.48,4002.09,4450.76,2000
-2.10614e+06,-1.19309e+06,-1.9437e+06,4748.42,3661.33,5528.91,2000
1.54012e+06,3.05425e+06,1.12887e+06,-1434.1,-7386.61,-2798.19,2000
1.92735e+06,763420,-582566,-4917.41,-2615.82,-220.312,2000
-1.13009e+06,1.94602e+06,561594,1007.55,-6041.03,-788.964,2000
-973219,-1.69873e+06,1.35962e+06,1501.43,6429.86,-2743.54,2000
904745,1.58013e+06,910389,-1339.18,-3007.64,-277.997,2000
-1.55008e+06,-1.60888e+06,-2.27611e+06,-3711.56,-6191.52,6148.76,2000
-421847,2.92932e+06,-1.31396e+06,2175.53,-7232.34,2593.5,2000
1.80408e+06,552724,-1.72492e+06,-3616.71,211.464,4223.25,2000
-3.07061e+06,1.26748e+06,1.54425e+06,7370.75,-2182.35,-3909.02,2000
-7.52842e+07,1.01027e+08,2.26766e+08,-122587,174765,399431,2000
-783896,-103210,-3.49833e+06,1929.26,175.757,8110.37,2000
2.15969e+06,417157,-1.85491e+06,-8097.22,-3181.51,3426.88,2000
640736,-3.40683e+06,146494,-600.699,7469.33,-1287.15,2000
-1.74489e+06,2.28515e+06,-162298,4438.23,-5157.91,2751.98,2000
362114,-904631,1.93718e+06,587.334,834.245,-2996.66,2000
-5.40303e+06,816594,1.39338e+06,-29.9234,-1201.39,-388.015,2000
-1.01724e+06,-1.30848e+06,-231662,1809.86,4836.16,314.969,2000
2.24674e+06,1.07308e+06,1.43964e+06,-7133.33,-7837.15,4899.59,2000
-2.28265e+06,530338,749249,5341.77,-1859.31,-3492.97,2000
-449986,-286938,2.10794e+06,4546.08,-1220.88,-8881.25,2000
139086,-374143,1.84392e+06,-82.4705,2.04572,-3099.97,2000
91108,-756726,1.91599e+06,480.611,1719.9,-6854.37,2000
1.42038e+06,-971988,-1.34952e+06,-1725.22,-4.88446,3151.48,2000
-2.62946e+06,1.55219e+06,1.5805e+06,7164.36,-3510.42,-2167.22,2000
969112,26695,-2.65402e+06,3990.46,19341.8,-134.862,2000
2.03061e+06,-1.13853e+06,-1.27641e+06,-601.307,657.228,4084.56,2000
2.98571e+06,-551712,562642,-6837.14,2657.75,936.141,2000
3.21913e+06,881547,-138932,-8827.19,-3755.05,2192.76,2000
1.30456e+06,1.7089e+06,1.67617e+06,-4144.52,-8973.74,-3765.56,2000
-974039,839296,-958927,703.78,-1622.38,2695.92,2000
-596541,-636381,1.63554e+06,1236.08,511.26,-5890.63,2000
-2.59256e+06,1.2569e+06,3.68749e+06,-7649.74,18159.9,14529.5,2000
-2.91971e+06,713589,-15408.9,7626.15,-8070.48,-3070.24,2000
2.18625e+06,-1.8536e+06,-1.00134e+06,-6741.35,6403.43,1084.6,2000
2.02375e+06,-1.14434e+06,-1.29238e+06,-10519.1,-2637.49,3801.86,2000
1.02478e+06,1.29569e+06,741065,3777.53,-7508.62,-1709.47,2000
1.70018e+07,5.29456e+07,9.15363e+07,35387.7,81011.3,152715,2000
-758620,1.34188e+06,-3.01898e+06,1981.59,-2157.24,7511.35,2000
10302.1,535738,-1.64972e+06,2879.75,-2352.44,634.624,2000
2.10459e+06,6.42604e+06,1.57741e+06,-4333.52,8580.53,3992.59,2000
-3.42962e+06,-686449,-7.49792e+06,-3532.73,8184.12,-10657.6,2000
-1.71308e+06,-1.12497e+06,2.27348e+06,5110.45,1504.11,-2713.07,2000
495166,-2.09453e+06,-2.38832e+06,1269.32,6148.7,7005.15,2000
-4.41925e+06,2.75739e+07,-3.2656e+07,-12940.6,41364.3,-54697.9,2000
-3.68625e+06,735214,280731,1238.97,-7761.34,-386.224,2000
870086,-1.07832e+06,-2.23547e+06,-2379.53,1038.5,5879.31,2000
-2.15336e+06,-1.27644e+06,-1.97613e+06,5596.25,7000.83,6465.45,2000
2.86914e+06,-604949,1.02312e+06,-6844.13,418.794,-6019.34,2000
-1.64846e+06,-823082,-382686,6025.2,844.386,4725.2,2000
1.58965e+06,2.49683e+06,-1.90334e+06,-4469.03,70.1046,-135.15,2000
1.48927e+06,-1.85933e+06,-2.21258e+06,-3554.41,3752.68,9062.83,2000
2.59265e+06,1.53536e+06,1.27564e+06,-6433.39,-5669.27,-3815.86,2000
-1.7279e+06,1.52965e+06,1.53507e+06,4425.52,-788.943,-4079.91,2000
407729,-621422,2.76555e+06,-3432.99,3651.7,-13101.4,2000
-1.5142e+06,-3.15842e+06,1.27477e+06,2176.7,4817.98,-4962.27,2000
4.21854e+07,-7.08364e+06,-6.28474e+06,54271.6,-7557.45,-8217.66,2000
-529659,-190258,2.3675e+06,2129.67,-772.952,-3458.02,2000
-1.23542e+06,-582424,-445915,5359.79,2896.25,2402.9,2000
-2.14261e+06,-1.55979e+06,-2.00516e+06,4891.6,953.24,2941.77,2000
-2.69417e+06,-209183,-1.3953e+06,6739.77,983.275,5521.35,2000
-2.13115e+06,-3.46341e+06,-1.25985e+06,-3810.93,-1583.03,-681.533,2000
1.70083e+06,-820911,-1.08048e+06,4109.78,9250.06,-1088.42,2000
-3.15478e+06,-2.45952e+06,-191848,5543.21,4667.67,-224.557,2000
1.56197e+06,-1.8071e+06,-2.14134e+06,-5372.14,3078.1,6197.54,2000
885553,-2.33487e+07,-1.52621e+06,5745.84,-50096.5,-8997.33,2000
-235158,934744,3.46031e+06,2152.45,-1698.43,-8430.97,2000
-628382,161306,-807814,-400.315,-2641,2739.37,2000
2.02341e+06,-864428,1.56789e+06,-3443,1570.33,-3161.56,2000
-1.17578e+06,856369,546977,2060.35,-2449.79,-721.743,2000
-2.68387e+06,-595966,369172,7871.78,3843.69,187.161,2000
-2.97341e+06,-385970,-2.78147e+06,4639.65,-8183.17,2568.22,2000
-114537,106191,2.51609e+06,2824.97,-1506.85,-6567.14,2000
-758533,1.64229e+06,-2.58548e+06,1336.21,-3328.35,7049.41,2000
-1.87193e+06,-1.87818e+06,1.2817e+06,-3107.87,676.789,5615.07,2000
1.63807e+06,-1.13712e+06,-1.25399e+06,-2362.47,1494.34,754.869,2000
2.18034e+06,250556,-24798.5,-3204.17,-1145.88,-932.151,2000
3.57381e+06,-2.43336e+06,-14352.2,208.699,6864.33,4297.06,2000
531292,1.70515e+06,-2.67069e+06,-3879.62,-5007.51,5685.8,2000
2.04482e+06,-1.49624e+06,-1.79192e+06,-6731.45,2391.89,7322.49,2000
-1.34981e+06,1.80667e+06,883842,2714.98,-4767.42,-1849.51,2000
-3.00046e+06,1.24356e+06,-1.49019e+06,6907.71,-2605.19,4355.6,2000
-1.58306e+06,-3.82634e+06,7.97461e+06,-1753.09,-8528.38,8801.54,2000
-626704,3.96866e+06,-90661.9,864.111,-7386.15,-160.97,2000
-961420,-1.30441e+07,1.32214e+07,-3075.36,-27991.5,22530.4,2000
3.36928e+06,-1.04482e+06,1.15109e+06,-7405.29,4195.87,-3148.9,2000
-2.1399e+06,-183174,1.56942e+06,4848.72,-683.925,-3425.4,2000
-2.47292e+06,476067,843495,5077.52,4325.19,3230.28,2000
-1.29551e+07,-6.29555e+06,1.26113e+06,-28556.6,-7621.89,-3789.46,2000
-7.88247e+06,1.91191e+06,1.31678e+07,-15474.4,-1727.64,17843.7,2000
-2.57953e+06,1.77337e+06,210691,1181.07,27506.4,6827.92,2000
564673,1.09822e+06,1.53534e+06,254.641,-6132.19,-4707.91,2000
468592,3.22953e+06,-128363,-8.54998,-7316.48,905.277,2000
2.84341e+06,-502151,589083,-6881.2,4815.02,-2134.54,2000
1.60589e+06,-878246,-1.39417e+06,-4845.95,-2523.86,6060.71,2000
1.80887e+06,2.7361e+06,1.68201e+06,-3732.2,-6222.29,-4074.1,2000
-1.35054e+06,1.48861e+06,1.51023e+06,1104.31,-3209.59,-4534.17,2000
-1.18984e+06,-2.32872e+06,1.43522e+06,4194.62,6492.06,-3635.15,2000
-550803,125991,-38554.7,1228.8,-2322.59,4670.8,2000
154910,-1.72247e+06,-2.45646e+06,-1539.02,5837.53,6383.03,2000
-290088,-1.42916e+06,1.58404e+06,1127.28,6528.43,-7496.5,2000
1.82358e+06,-1.06932e+06,2.05864e+06,-10502.4,2009.53,6734.85,2000
-2.68509e+06,-2.08535e+06,-1.43391e+06,5103.19,3326.8,2417.34,2000
-127776,3.02542e+06,-1.13059e+06,1054.65,-7128.63,3259.33,2000
3.58094e+06,-966171,943079,-1283.35,-4739.41,4242.41,2000
1.87255e+06,-1.88288e+06,-1.34682e+06,-6704.69,5002.27,4618.14,2000
-1.99097e+06,-7.33505e+06,-4.8092e+06,-6336.61,-5781.6,447.429,2000
1.54996e+06,36622.8,220310,-1556.02,674.493,-476.415,2000
645366,1.39965e+06,-517869,-1330.1,-3700.74,2346.96,2000
1.65136e+06,3.09945e+06,997510,-3465.12,-6604.69,-768.29,2000
2.33375e+06,201849,-285419,-13740.8,6535.69,-8184.57,2000
305759,-3.47466e+06,1.60783e+06,-874.282,1295.76,-621.489,2000
-3.34248e+06,1.58634e+07,-1.65889e+06,-5920.51,33776,-1822.1,2000
-1.81631e+06,2.26722e+06,338077,3316.57,-4002.9,-1983.44,2000
-3.60081e+06,-886023,-587842,1888.18,-7474.62,6661.98,2000
857703,-1.36334e+06,1.8505e+06,-1682.25,7406.25,-2875.9,2000
2.8017e+06,1.58071e+06,5.07784e+06,-4141.5,-3403.32,2337.29,2000
2.05888e+06,742891,-1.59425e+06,643.649,-6518.43,7237.92,2000
-3.67054e+06,-2.91994e+06,-5.53447e+06,-12325.5,1921.09,-4676,2000
-1.0563e+07,2.72631e+07,8.91799e+06,-167547,365779,99937.8,2000
1.15808e+06,2.29408e+06,39285,-3424.9,-3368.86,447.44,2000
-2.53095e+06,-2.25607e+06,-1.31791e+06,3989.23,6886.56,1420.31,2000
-1.68359e+06,-556887,1.16324e+06,1035.3,330.524,-1674.09,2000
2.16642e+06,-1.78254e+06,-649252,-2428.08,4259.99,-1868.35,2000
2.35114e+06,131129,-63426.3,-5176.51,-565.563,-328.52,2000
2.08248e+06,1.58633e+06,843163,3520.11,6370.39,2905.45,2000
192352,-1.67747e+06,-1.1871e+06,10737.6,-364.686,-5337.21,2000
830876,-2.62227e+06,1.88073e+06,-5725.69,4894.09,-369.744,2000
3.41116e+06,64099.2,-360993,1798.37,11595.8,1554.82,2000
2.17148e+07,-1.02932e+07,-1.42218e+07,29594.5,-12782,-20063.7,2000
2.95239e+06,366102,-982888,-7894.29,-2361.39,2795.14,2000
1.27506e+06,-1.53825e+06,5.57958e+06,8354.72,-6573.68,3081.95,2000
-1.78291e+06,-5.74673e+06,5.09767e+06,4742.12,-12371.5,13940.6,2000
-190417,985182,3.08019e+06,1967.79,-3906.53,-5931.36,2000
2.13573e+06,3.02132e+06,236993,-4415.94,-7179.11,846.895,2000
1.3451e+06,3.35399e+06,670343,-1844.52,-8255.79,-683.334,2000
665577,-1.09438e+06,1.71764e+06,-3539.98,1344.89,-8489.53,2000
-2.48007e+06,467464,841194,3986.13,-7159.91,-5399.66,2000
1.44924e+06,-3.38957e+06,-591690,-2770.42,8559.07,-787.41,2000
-1.08896e+06,648486,-3.84781e+06,-1821.53,-2770.51,-17892.3,2000
61387,-1.71071e+06,-2.36313e+06,25.456,4793.36,2882.34,2000
793092,623908,747069,10695.6,-9025.07,946.698,2000
-1.59636e+06,2.09792e+06,-1.81584e+06,2146.14,-4783.84,3648.9,2000
1.65601e+06,-613461,2.01285e+06,-4017.66,1135.02,-5082.19,2000
2.11828e+06,1.6597e+06,728475,-7273.33,-8181.53,86.8826,2000
-1.65131e+07,9.01616e+06,4.34669e+06,-38597.3,11147.7,4010.27,2000
72263.7,-1.16561e+06,538393,3521.83,3497.36,-2889.09,2000
2.68561e+06,-719832,1.8003e+06,-9103.08,2800.61,-3426.24,2000
1.17778e+06,971960,957893,-586.062,-585.876,-2959.28,2000
2.27389e+06,-971475,1.46795e+06,-3227.36,6157.47,-5820.98,2000
1.5412e+06,393180,459979,-1945.88,-591.526,-1209.42,2000
3.74763e+06,588528,-464548,-195.864,-2242.6,-8561.65,2000
-3.13665e+06,-1.24512e+07,5.92388e+06,-5106.43,-16515.2,9558.44,2000
150824,-299854,-2.24333e+06,1258.17,390.467,10790.2,2000
-1.20332e+06,921637,502217,1017.93,-5314.95,803.614,2000
2.00252e+06,-1.77828e+06,-1.21508e+06,-6297.33,2221.92,4532.91,2000
-817101,264985,-2.2678e+06,2780.1,-1782.51,4478.7,2000
-2.27303e+06,1.6017e+06,-1.48904e+06,3510.01,-3838.91,2164.55,2000
-1.14228e+06,1.94173e+06,969653,-1684.3,-7304.59,-1660.61,2000
943100,2.78795e+06,-1.30483e+06,-1400.4,-5331.07,4352.18,2000
1.08621e+06,-1.22683e+06,-1.30442e+06,-564.279,2443.47,3014.7,2000
-2.98266e+06,1.33846e+06,-857482,4496.04,-5406.59,2910.64,2000
-564157,-2.77023e+06,475678,-803.567,6525.14,-2058.34,2000
1.48336e+06,-61036.6,2.46092e+06,-3719.71,73.1863,-5732.98,2000
1.89883e+07,4.84914e+06,5.86636e+06,26061,11034.6,4471.51,2000
-229981,1.36107e+06,3.32644e+06,1285.2,-4843.32,-7966.32,2000
1.87657e+06,-1.31657e+06,-2.34231e+06,-5912.38,651.094,6914.87,2000
-1.28724e+07,-1.74472e+06,1.03427e+07,-31375.1,-5039.97,29050,2000
1.22053e+06,-470308,-1.81567e+06,-2527.79,-7128.94,12973.5,2000
-1.0406e+08,-6.30958e+07,-3.33107e+07,-174122,-100075,-62631.3,2000
4.60299e+06,-2.34896e+06,-1.7469e+06,8359.94,-9499.99,1504.35,2000
-115840,-1.0866e+06,-1.20679e+06,2784.1,1750.61,2546.45,2000
-569999,-220294,2.48867e+06,-666.645,-3630.91,-7610.4,2000
2.3091e+06,2.0865e+06,-2.46823e+06,-3309.48,-4989.47,7253.36,2000
-449597,-379979,182969,992.994,-1383.24,103.486,2000
33729.6,-146982,-2.90924e+06,1278.63,-6777.55,3570.5,2000
-1.65656e+07,-4.42423e+06,2.91279e+07,-39734.5,-17775.6,64815.8,2000
3.10481e+06,2.17706e+06,-786293,-8284.24,10623.5,3609.16,2000
2.7405e+06,-523655,1.75076e+06,-4698.06,3580.52,-7235.77,2000
819459,-1.45458e+06,2.73784e+06,-797.045,5871.86,-9011.31,2000
1.13632e+06,-1.16484e+06,1.2034e+06,-3885.14,3313.32,-1172.77,2000
-786537,296555,1.24333e+06,425.712,2450.85,-10739.5,2000
2.42897e+06,1.788e+06,-1.66323e+06,-3973.48,-4212.43,3418.07,2000
-1.62117e+06,2.59311e+06,-4.98787e+06,-977.331,7174.56,3790.83,2000
2.69792e+06,6.69299e+06,-4.7179e+06,5662.52,19037.8,-10129.8,2000
946836,-1.5196e+06,1.06639e+06,-4056.5,5998.09,-836.311,2000
42870.8,-923853,-505130,-1182.23,-33.0487,2236.66,2000
-2.09502e+06,-1.10691e+06,-2.27416e+06,4855.31,2321.37,8224.22,2000
-2.07157e+06,727743,1.42813e+06,4882.68,-3055.52,-3937.77,2000
-664434,1.44353e+06,-2.95898e+06,1627.21,-5455.32,4683.65,2000
1.44277e+06,5.12203e+06,-5.29565e+06,-1853.52,704.556,-5414.57,2000
-1.16977e+06,-1.13249e+06,3.40553e+06,-1354.11,2949.75,615.994,2000
-3.10601e+06,1.08952e+06,-472447,8590.95,-2908.97,6189.49,2000
926075,3.03434e+06,-767683,-3013.18,-7684.27,3577.29,2000
-928248,-829247,1.33418e+06,-261.231,5079.42,1684.3,2000
1.2558e+06,1.12451e+06,1.8503e+06,-1967.57,-4472.7,-2055.25,2000
-4.61612e+07,-9.80869e+07,-1.45459e+08,-64157.7,-157161,-222964,2000
4.96725e+07,-8.18585e+07,8.2643e+07,178354,-293436,302602,2000
1.14604e+06,-4.66949e+06,-2.70813e+06,2854.42,-1978.9,5423.37,2000
-770658,-3.40187e+06,760175,3266.02,6597.68,-2610.23,2000
-325234,-493440,2.04676e+06,45.6156,1204.37,-6577.51,2000
-1.56006e+06,-1.23603e+06,2.0035e+06,5634.09,3914.72,-8005.93,2000
-1.46508e+08,-2.15042e+07,-1.06604e+07,-224066,-34970.9,-8528.23,2000
2.44471e+06,-4.63413e+06,-8.31445e+06,-466.295,-1524.18,-10085,2000
1.3732e+06,-874874,-1.27722e+06,458.814,401.212,1410.16,2000
-1.81566e+06,1.59901e+06,1.33792e+06,2182.86,-6247.92,-1882.58,2000
2.43491e+06,497308,-1.47115e+06,-8235.48,-3941.95,5686.62,2000
-1.15273e+06,72996.4,460344,2831.8,-1179.63,-1586.81,2000
2.77042e+06,-2.1906e+06,191753,-6778.74,6714.85,-2723.59,2000
1.2886e+06,1.20119e+06,2.17722e+06,-3328.83,-3172.21,-5660.47,2000
182540,-741983,-1.89893e+06,6003.79,780.686,-1306.2,2000
-2.515e+06,1.5602e+06,1.95476e+06,5499.81,-2829.27,-6014.48,2000
1.36338e+06,1.71744e+06,1.47792e+06,-4320.37,-3656.85,-3227.83,2000
1.90548e+06,241418,133360,-2479.26,-26.4625,-1499.38,2000
-2.51298e+07,-4.70417e+07,-9.44453e+07,-33663.1,-82850.6,-152082,2000
62590.6,2.04194e+06,430253,579.776,-4959.4,546.336,2000
-1.58393e+06,-2.28258e+06,925913,3677.3,4978.6,-841.699,2000
1.4587e+06,3.5924e+06,-822956,-1382.98,-3850.96,871.138,2000
-1.22904e+06,-840104,-120354,-1087.36,5439.31,699.87,2000
1.43148e+06,-1.8434e+06,-1.53138e+06,-29551.9,-2130,-11353,2000
2.4243e+06,1.61608e+06,703550,-5496.84,-847.448,-1923.76,2000
-1.50214e+06,-410836,1.02782e+06,5882.43,4093.32,-2756.88,2000
2.86942e+06,-698382,1.15941e+06,-5355.26,5588.55,-4505.51,2000
-1.19535e+06,819116,601247,3387.26,-1113.65,-4242.57,2000
3.25334e+06,1.00773e+06,-148584,-7168.83,-3111.86,-1025.49,2000
-1.08831e+06,985091,3.18073e+06,3569.83,-3724.72,-5926.26,2000
2.47988e+06,958370,389341,-6334.37,-2652.54,440.465,2000
304828,-4.57293e+06,-568535,-3903.04,-5158.84,5011.05,2000
1.25222e+06,2.29006e+06,208275,23.8864,-5671.82,211.425,2000
-1.65467e+06,-2.18007e+06,890673,5239.85,4423.31,-785.503,2000
-1.29788e+06,3.60162e+06,-344388,3149.08,-5981.99,2745.11,2000
770388,-1.32878e+06,1.13543e+06,-2209.06,5242.83,-2281.12,2000
-4.28499e+06,741132,-5.23438e+06,-2137.81,-565.43,-9765.63,2000
2.01924e+06,1.61246e+06,-581261,-3543.86,-5821.93,2294.68,2000
2.15909e+06,1.16519e+06,903130,-5071.65,-3757.22,-2409.7,2000
478758,2.58882e+06,-1.22107e+06,-727.948,-5248.53,3172.65,2000
1.89302e+06,1.33884e+06,-3.18096e+06,3685.34,12567,1277.47,2000
612868,235527,-1.48617e+06,-995.001,-2033.07,2009.57,2000
1.3418e+06,1.75332e+06,-4.59394e+06,-1677.59,2521.25,206.645,2000
4.86946e+06,3.5598e+06,2.4353e+06,-813.08,5404.43,4391.74,2000
2.21767e+06,706102,-534800,-3448,-4686.15,-1310.22,2000
-3.50944e+07,-1.13373e+08,-4.14812e+07,-63708.9,-210433,-87778.1,2000
-2.20502e+06,2.06644e+06,1.44032e+06,6153.75,-5231.57,-5043.81,2000
1.97391e+06,-89708.7,-358261,-10840.2,-1005.56,6981.8,2000
-1.76988e+06,-612408,993628,3184.06,-890.78,-893.875,2000
6.64382e+07,-9.86587e+07,-2.29024e+08,125608,-174938,-398781,2000
-607250,-201163,3.54422e+06,2617.02,890.097,-7996.23,2000
-2.13608e+06,-911571,-2.16146e+06,5784.85,5919.34,3970.35,2000
-6.63648e+06,6.13855e+06,-47586.2,-8517.55,4341.34,3178.93,2000
1.51388e+06,-573206,3.30813e+06,-7917.15,1287.99,-1595.2,2000
-2.06431e+06,-1.47171e+06,496346,6386.49,4638.33,-705.596,2000
3.1835e+06,-9.48675e+06,-1.02696e+06,7287.39,-20506.9,-2326.82,2000
2.59402e+06,1.23155e+06,2.00211e+06,-6301.61,-180.322,-4042.83,2000
1.34803e+06,9.83432e+06,-6.97765e+06,2816.71,30255.7,-29148.1,2000
-457797,5.01795e+06,-3.25836e+06,5832.23,1471.19,1799.99,2000
1.03386e+06,1.91804e+06,64457.7,167.978,-8074.02,-586.845,2000
1.33571e+06,1.20436e+06,3.23279e+06,-613.785,-4368.15,-8314.06,2000
1.13329e+06,340995,-1.8105e+06,-1810.97,-3827.53,2855.1,2000
2.74067e+06,695961,6.18502e+06,8859.54,15616.2,10864.1,2000
3.07643e+06,-761354,965212,-8754.08,2335.93,-3743.48,2000
713806,-947369,-635932,-2919.85,-84.9964,733.249,2000
-3.22506e+06,807050,-1.13483e+06,7336.61,-665.624,5380.64,2000
-2.37714e+06,813022,-2.84021e+06,3483.34,-2002.08,5761.61,2000
1.84181e+06,2.3888e+06,472524,-6758.36,-6690.98,-1775.47,2000
311812,-757427,1.56365e+06,-7762.59,4177.84,7626.08,2000
1.14538e+06,-1.35077e+06,2.33464e+06,-4451.89,5784.94,-6454.1,2000
-2.1684e+06,-473976,-361781,11065.7,-7254.73,-632.611,2000
201920,-845547,154679,2132.93,3541.34,-9029.37,2000
-2.67104e+06,526585,1.88959e+06,5195.95,-1101.37,-7102.64,2000
1.30364e+06,3.54706e+06,-934379,-1437.43,-3881.83,3352.74,2000
-1.5652e+06,2.0518e+06,-1.27193e+06,6527.17,-4239.58,7581.73,2000
-78838.2,-954947,-26941.1,979.771,774.075,489.835,2000
-1.98533e+06,1.61787e+06,1.89752e+06,4306.81,-4476.59,-6461.78,2000
1.01624e+08,5.63545e+07,3.96248e+07,174424,102348,60955.4,2000
1.29261e+06,1.81056e+06,1.75415e+06,-2601.09,-6212.95,-3701.13,2000
708331,730394,3.57166e+06,-1374.38,-1393.82,-7814.13,2000
1.13443e+06,-2.03809e+06,-380397,-794.87,4976.22,-726.378,2000
-2.36818e+06,629934,1.48887e+06,2463.81,-1225.04,-5383.1,2000
659619,-624216,1.72785e+06,-3576.04,-896.87,-2305.04,2000
874486,-1.97597e+06,-1.38212e+06,-11200.1,-8207.12,-5839.46,2000
-583686,223692,-925050,-1592.67,704.515,2558.24,2000
1.13794e+06,-1.91482e+06,-2.11855e+06,-1496.47,7953.66,1612.7,2000
-1.70328e+06,2.17992e+06,268596,6582.03,-2840.52,-1385.82,2000
-2.40594e+06,-2.177e+06,-1.71164e+06,3331.91,5907.26,4269.8,2000
794284,-1.7372e+06,-2.35176e+06,1090.33,5702.67,1504.79,2000
-4.13168e+06,-1.24715e+06,-2.42461e+06,-5353.53,1902.08,4110.54,2000
2.64885e+06,-1.96626e+06,-880434,-7549.23,6014.05,2407.48,2000
2.72371e+06,-1.72272e+06,-857866,-5806.1,2398.36,-525.754,2000
-1.86637e+07,1.63872e+07,-1.04246e+07,-22096.6,19953,-21015.9,2000
2.90952e+06,782167,5.23033e+06,2955.2,-4954.2,10252.8,2000
-2.59218e+06,3.05691e+06,617743,-1695.99,577.779,1946.1,2000
-2.84474e+06,-1.1051e+06,-1.59632e+06,5463.37,5448.05,2279.15,2000
3.28458e+06,1.02954e+07,1.6677e+06,9679.59,20071.7,4350.68,2000
7.55953e+06,2.27744e+06,3.3187e+06,13721.2,-7110.64,8043.25,2000
2.08201e+06,1.72737e+06,243523,-8000.54,-3033.01,-3284.27,2000
-1.91056e+06,-3.27145e+06,-420235,3385.02,6625.49,541.712,2000
1.05116e+06,-3.43717e+06,-77749.3,-2029.76,7295.84,-1418.89,2000
-2.5687e+06,1.84839e+06,-114881,10935.2,1409.47,-3472.68,2000
-1.30412e+06,-1.00588e+06,-74262,8162.47,2361.34,4301.01,2000
2.16837e+06,-1.30626e+06,-1.02768e+06,-5545.49,993.032,-154.474,2000
-2.20667e+06,1.79753e+06,-1.62422e+06,4155.09,-3708.02,4030.98,2000
-533169,1.48542e+06,-1.9639e+06,2041.55,-4284.62,2142.53,2000
-3.06198e+06,-592550,1.71387e+06,7806.61,1825.25,-3348.53,2000
701810,-1.03686e+06,2.23357e+06,-1841.01,3916.85,-2994.57,2000
1.73653e+06,-154372,1.94416e+06,-3956.71,-369.565,-4043.85,2000
-4.72812e+06,1.20689e+06,2.88676e+06,-3746.75,-1385.67,-6729.92,2000
1.88648e+06,688913,-1.85895e+06,-4736.49,-1396.39,6001.98,2000
-1.87616e+06,1.10762e+06,-3.42558e+06,4155.3,-1367.07,4956.32,2000
1.93711e+06,836292,-1.28655e+06,-3952.88,-3879.76,3250.37,2000
3.60183e+06,4.30166e+07,-4.8108e+07,16601.8,94106.2,-112461,2000
1.71558e+06,-3.30499e+07,-1.08858e+07,-5966.22,-58722.9,-18321.4,2000
1.56634e+06,-647086,1.84001e+06,-1327.84,-24043.7,23918.8,2000
172251,-485841,1.75055e+06,-1711.13,-3551.4,-2994.12,2000
-1.03546e+07,3.81083e+06,8.17906e+06,-15223.9,-1438.02,16848.1,2000
1.81364e+06,-1.81923e+06,-1.31859e+06,-2878.44,3731.03,7974.97,2000
2.75241e+06,1.60159e+06,2.51498e+06,3609.87,-1967.65,-3126.36,2000
1.86628e+06,980132,-2.00847e+06,6197.9,1213.26,6697.89,2000
362175,-994404,1.61407e+06,-1716.92,2432.8,-8171.43,2000
-4.61016e+06,-984346,-1.0931e+06,-1060.73,-475.699,4834.55,2000
-583964,-4.04361e+06,-207917,-8298.26,-12520.6,18436.1,2000
1.25684e+06,-558994,4.07529e+06,-1670.99,3670.74,-2750.36,2000
2.87428e+06,-2.61524e+07,-4.3527e+06,2233.81,-58313.2,-10775.8,2000
-63403.7,-874155,-301409,2880.45,2423.23,-83.0347,2000
-2.25434e+06,-38432.8,104742,3786.44,-1573.64,-637.552,2000
995082,-1.27869e+06,-119125,9611.06,-287.445,-8528.01,2000
2.51342e+06,-1.51018e+06,-353856,-3594.34,7576.68,1463.37,2000
-670993,3.82385e+06,1.2317e+06,978.178,-6675.49,-2417.77,2000
-1.58333e+06,-818692,-216738,3480.72,596.259,1101.02,2000
174576,-604567,-3.29969e+06,235.102,3255.1,6372.48,2000
2.79445e+06,774753,1.76577e+06,-7176.8,-268.398,-3977.83,2000
3.02438e+06,-1.54626e+06,50326.8,-7743.45,4445.59,-1690.8,2000
-180544,1.95911e+06,-1.15501e+06,163.83,-3184.12,2784.37,2000
712549,-26819,3.31054e+06,-1992.4,-744.309,-6336.14,2000
-1.86242e+06,-826324,-1.56589e+06,3668.69,1705.22,2067.34,2000
-1.16986e+06,2.57242e+06,-2.2488e+06,2440.37,-5690.18,4541.03,2000
-1.50541e+06,784559,243763,4160.3,-3311.79,832.483,2000
2.38307e+06,-2.14769e+06,173525,-936.171,6431.79,-5469.72,2000
-1.42388e+07,3.60154e+07,-2.87247e+07,-45484.3,91933,-84169.6,2000
-3.1666e+06,1.19253e+06,-63963.7,5519.12,-1683.14,-2603.54,2000
-42286.6,-691953,-3.21706e+06,808.176,576.429,6518.79,2000
1.34455e+06,-2.69957e+06,-1.18442e+06,-2718.26,8661.77,3200.44,2000
-507393,-1.55531e+07,-84619.6,-1692.96,-25221.2,5853.34,2000
2.9157e+06,3.85291e+06,-2.38702e+06,-311.812,5903.01,2435.11,2000
989684,-2.00251e+06,-528041,-2654.72,5694.28,-1555.6,2000
-168266,791731,3.12682e+06,-593.434,-1076.7,-6688.77,2000
-376205,795319,830911,-673.82,-2848.98,-617.49,2000
610394,1.79084e+06,-2.65746e+06,-1373.73,-4257.91,3763.74,2000
-3.46745e+07,4.09062e+06,5.26395e+06,-54308.2,8306.37,8065.37,2000
-8780.89,-3.33317e+06,-1.13189e+06,867.678,7928.79,1534.12,2000
-1.23787e+06,726354,-3.45151e+06,3090.03,-3082.78,6378.96,2000
1.2989e+06,1.01627e+06,3.20093e+06,-3628.18,-2421.39,-7241.34,2000
-830788,-817254,1.35366e+06,4946.94,2438.75,-5587.78,2000
-1.72621e+06,94674.1,-1.46759e+06,2423.89,-1104.92,3980.76,2000
1.12839e+06,-2.223e+06,-1.74019e+06,-2427.99,7941.43,5180.37,2000
-1.12805e+06,-1.25238e+06,-2.22925e+06,4753.92,2676.51,6508.92,2000
1.62397e+06,-101950,2.9041e+06,-3698.33,-12.1267,-6780.57,2000
4.49948e+06,-1.05735e+07,2.02566e+07,8912.71,-30047.2,66883.8,2000
-922576,-1.67092e+06,2.79638e+06,1932.48,4232.17,-7561.77,2000
609322,3.58585e+06,-170109,-323.1,-8995.95,2554.97,2000
-2.94935e+06,7.63562e+06,-7.97832e+06,1650.24,12139.3,-10252.3,2000
185960,19526.6,-2.17527e+06,-2756.02,-1655.55,2706.47,2000
-386374,-1.24832e+06,-1.97915e+06,1538.45,1303.04,4692.51,2000
1.07931e+06,1.15352e+06,2.17489e+06,-3746.24,-1582.24,-6104.23,2000
1.45955e+06,3.12633e+06,904615,-4302.93,-7589.94,-3525.21,2000
-541677,-1.36358e+06,2.40317e+06,666.698,4410.77,-4333.77,2000
-3.89624e+06,-96486.2,5187.68,7853.06,1256.25,433.296,2000
-1.0892e+06,-6.55259e+06,2.47486e+06,-1253.66,-13382.9,-3174.83,2000
1.27354e+06,2.36951e+06,55102.5,115.102,-6842.06,265.761,2000
-2.10753e+06,-330063,-374431,6031.68,2704.27,539.661,2000
2.53871e+06,-1.44774e+06,-1.31232e+06,-8242.79,2831.88,4357.15,2000
-715235,1.43893e+06,-2.7999e+06,-1258.7,-3330.74,5662.01,2000
-1.92561e+06,-1.54887e+06,-2.97691e+06,3506.76,3432.94,6433.2,2000
1.85545e+06,-1.56521e+06,-1.36761e+06,-3802.79,-13.169,2857.32,2000
1.89174e+06,-4.58073e+06,8.38424e+06,12819.5,809.802,17467.7,2000
-319327,-2.81277e+06,-2.07208e+06,3831.94,7797.79,-604.815,2000
1.96135e+06,2.39999e+06,325655,-3615.56,-3847.79,666.279,2000
-805804,322160,-1.10073e+06,238.534,-3543.6,3381.34,2000
-1.25577e+06,1.79101e+06,224637,506.913,-4267.06,642.143,2000
1.47798e+06,-2.89869e+06,-770863,-3168.79,7088.04,-955.022,2000
-36607.7,111200,3.97106e+06,-7988.47,-11280.3,7716.89,2000
-2.61484e+06,2.15364e+06,627615,7731.92,1264.15,2250.08,2000
-2.02167e+06,-838336,1.76251e+06,8641.52,3151.85,-3701.31,2000
-1.48739e+06,409148,4.75422e+06,3428.11,-3146.72,-2941.45,2000
111427,3.55429e+06,-215316,1064.98,-7240.66,716.006,2000
-2.31369e+06,-270790,1.71893e+06,8152.78,5712.77,-3344.38,2000
-1.83052e+06,-608007,1.52045e+06,3813.21,3733.32,-5764.04,2000
-1.76511e+07,7.11083e+06,1.20654e+07,-30020.9,13647.3,19696.1,2000
1.77645e+06,-2.02833e+06,-1.43485e+06,-4617.64,8766.99,-122.336,2000
1.58617e+06,-3.09731e+06,-615460,-5197.48,7591.21,-473.613,2000
2.71392e+06,-1.29183e+06,-1.75833e+06,8549.77,1362.72,6400.09,2000
1.19092e+06,-3.04286e+06,-825641,-3698.41,7503.36,756.601,2000
-191418,-1.77955e+06,-770574,1804.63,5893.04,1516.47,2000
-314400,1.59032e+06,1.40145e+06,-635.417,-4310.97,-3853.25,2000
1.85349e+06,1.19238e+06,-301529,-5231.84,2227.87,4109.76,2000
-1.67734e+06,-334513,-2.9936e+06,3932.75,76.6664,5387.25,2000
461178,2.48569e+06,-2.81437e+06,-2630.64,-418.073,4656.38,2000
3.1853e+06,-4.25291e+06,2.44776e+06,-160.173,-7723.23,17588,2000
1.89782e+06,334062,-1.78235e+06,-4232.05,-3362.69,7214.75,2000
-2.59038e+06,-435538,451051,7045.78,2380.61,-1572.9,2000
41505.8,-898646,-3.34062e+06,-2640.32,2593.59,7788.52,2000
-310695,318978,-2.55453e+06,1659.1,-2860.04,5744.79,2000
-2.41479e+06,549968,-1.24762e+06,4848.02,-1459.75,1478.63,2000
6.56739e+06,5.40535e+06,-636513,18714.4,14557.9,-6815.72,2000
-1.26529e+06,-1.38052e+06,-2.16214e+06,1244.89,2430.31,4527.57,2000
-187869,1.22972e+06,3.05024e+06,1479.95,-5789.44,-5602.32,2000
-1.60659e+06,-268556,-3.02063e+06,3088.3,2427.92,7221.1,2000
4.27905e+06,2.13286e+06,70745.6,1872.67,5511.11,5897.96,2000
303345,-1.13489e+06,-346266,-3222.84,3903.55,-7982.99,2000
-3.26702e+06,1.51402e+06,-449523,9340.19,-650.29,-697.577,2000
2.37454e+06,-1.64164e+06,-1.06574e+06,19482.4,8676.71,12989.8,2000
1.01447e+07,2.25754e+06,2.95772e+06,15078.3,-422.647,-2545.23,2000
2.97685e+06,-789307,-417652,-5534.8,3619.04,-6699.01,2000
-390.2,163183,2.12629e+06,-639.158,-2722.67,-4451.62,2000
1.83828e+07,-3.36389e+07,3.33785e+07,40981.3,-92627.1,80414.2,2000
725228,-1.52781e+06,180465,-2662.71,4736.68,-1183.08,2000
-1.11573e+06,-2.06291e+06,2.1858e+06,3085.34,5961.57,-6591.01,2000
-3.10959e+06,1.09006e+06,-501483,3887.59,-2951.56,2887.36,2000
-768847,-759734,-155159,4679.39,6355.46,2417.6,2000
-533973,-943969,1.63517e+06,3024.44,2662.38,-6269.56,2000
-2.12371e+06,373591,-990583,4025.41,-245.934,4373.07,2000
463728,1.92379e+06,-2.52415e+06,396.331,-5508.78,4509.12,2000
3.1309e+06,206373,-6.6031e+06,15319.1,-10411.4,-7945.85,2000
84476.2,-798576,-3.19163e+06,2392.35,4284.75,9113.43,2000
1.4669e+06,-2.24181e+06,-1.50835e+06,-2711.67,8397.82,1775.96,2000
5.12609e+06,2.03957e+07,9.85019e+06,13957.6,33983,27799.3,2000
-2.05079e+06,-2.73971e+06,4.01126e+06,-2668.31,1906.77,-342.059,2000
1.12766e+06,1.43508e+06,-2.27462e+06,1493.67,5168.96,-9063.5,2000
-2.54072e+06,-2.0378e+06,-1.40376e+06,4815.03,1785.75,3378.86,2000
1.36657e+06,3.33111e+06,-538258,-3608.3,-6264.19,3219.03,2000
-155879,1.00812e+06,1.61642e+06,1345.2,-2740.77,-4149.77,2000
991570,1.15161e+06,1.78621e+06,-615.91,1057.66,-3744.83,2000
-2.19209e+07,4.19361e+07,-6.2946e+07,-32312.4,80636,-108356,2000
-146324,4.40467e+06,1.67554e+06,-7532.56,2320.47,-4975.47,2000
121066,145039,-2.17018e+06,1562.13,-490.237,4643.04,2000
2.74011e+06,-486538,1.63157e+06,-4672.99,-2231.06,-4329.09,2000
-2.11654e+06,1.59755e+06,-1.00882e+06,3182.59,-3874.91,1822.19,2000
1.5921e+06,-3.14126e+06,963767,2896.92,3410.74,-6263.29,2000
-465336,1.57438e+06,1.32369e+06,1470.03,-5000.71,-2141,2000
-436382,-2.98645e+06,579601,1490.25,7165.28,534.803,2000
-643642,3.04778e+06,417536,623.472,-7058.14,-1431.78,2000
261189,117812,-1.7793e+06,323.827,-2650.32,2775.87,2000
348374,30516.1,-2.28953e+06,38.8354,-533.884,5542.32,2000
-3.00149e+06,254669,467390,8351.06,1668.47,-65.5148,2000
7.99483e+06,3.83278e+06,-4.08747e+06,10829.1,3895.53,-14142.8,2000
2.26052e+06,1.25868e+06,-617279,-6650.74,-4478.99,643.301,2000
-1.47358e+06,-267990,2.02706e+06,3894.17,-862.858,-7030.04,2000
-2.14291e+06,-509667,1.81376e+06,7408.48,2418.66,-5194.32,2000
-240515,-845000,-332013,-3245.36,31.3537,-2653.51,2000
2.54042e+06,-2.13502e+06,-61339.9,-3866.18,6917.05,-1437.78,2000
2.66233e+06,140953,722763,-9322.8,876.298,-3005.03,2000
-2.6205e+06,7.06429e+06,351665,-8746.42,24320.2,1566.23,2000
-1.59767e+06,970145,899125,4645.26,-5886.51,-3796.34,2000
-1.95144e+06,2.03127e+06,187445,1724.63,-659.653,516.284,2000
-4.58546e+07,7.5321e+07,-7.87346e+07,-182110,299668,-306339,2000
-292983,-435905,-2.91346e+06,869.622,2791.02,9006.15,2000
2.49912e+06,-18745.9,-200996,-6829.07,413.127,1895.79,2000
2.4993e+06,1.70439e+06,451178,-5084.57,-2707.92,-3759.76,2000
422260,203872,850932,-1010.57,-824.129,-1135.32,2000
765938,2.10152e+06,-3.00325e+06,-1630.82,-4475.28,6715.34,2000
-1.80301e+06,-4.62286e+06,-218997,-2457.29,2428.6,1483.65,2000
-4.59458e+06,-2.50547e+07,-9.22208e+06,-9266.41,-31623.1,-13283.7,2000
2.46876e+07,-5.64573e+06,-1.17657e+06,35011.1,-14681,-5671.95,2000
-575588,-1.13148e+06,-2.69921e+06,2560.78,2856.22,6805.23,2000
3.64656e+06,907786,-819786,-5781.83,968.535,-6621.69,2000
-967752,1.73569e+06,-2.57754e+06,3461.79,-3731.58,4303.97,2000
-838365,-419507,-4.04774e+06,5752.47,-28646.4,-8365.23,2000
4.62094e+06,7.73908e+06,198605,12850.7,16668.1,-6279.75,2000
3.2752e+06,-1.64875e+06,1.17459e+06,-5794.67,4930.23,-3370.44,2000
-122249,-994544,-1.08366e+06,1990.71,2093.2,6788.57,2000
2.10796e+06,-430969,-164793,-2557.71,1247.69,64.563,2000
217484,5.01206e+06,-8.93153e+06,-5262.98,10427.3,-6975.94,2000
225247,-997547,-3.40045e+06,-3334.4,4941.12,6873.59,2000
2.43924e+06,2.12606e+06,-1.61926e+06,-4308.65,-4291.52,3346.29,2000
2.40262e+06,-1.45645e+06,-320002,-9054.35,3164.2,486.225,2000
1.72159e+06,2.35716e+06,-787213,1756.07,-15116.6,2723.14,2000
2.73434e+06,-2.13245e+06,71453.3,-4985.88,4098.07,-2503.62,2000
890591,-1.07768e+06,2.04096e+06,-415.908,2257.66,-4831.38,2000
-3.21698e+06,-4.82269e+06,-6.80338e+06,-3176.09,-1667.42,-5262.11,2000
-2.19955e+06,-482512,-2.58126e+06,5240.37,621.045,5422.3,2000
27026.5,-94841.5,-322741,5439.79,-8839.09,-438.195,2000
-1.8545e+06,2.11359e+06,1.51904e+06,-1661.57,6646.2,8255.98,2000
-3.22933e+06,864650,-380889,6336.07,-4944.38,3332.77,2000
1.17828e+06,247168,-1.92918e+06,5080.25,6529.44,-3024.33,2000
64631.9,-762097,-942847,-1039.1,-270.681,2637.65,2000
-3.04131e+06,-1.41975e+06,403820,1793.04,-5507.81,-6782.52,2000
2.61482e+06,-950866,157486,-4524.24,5724.17,247.723,2000
-1.56555e+06,-594539,1.18536e+06,4251.02,-1682.82,-2143.88,2000
1.00106e+06,974475,1.7926e+06,-416.366,-1462.17,-5165.49,2000
-809021,390098,-3.23999e+06,787.322,-2666.13,7504.84,2000
605569,-1.16912e+06,1.6883e+06,-5619.08,1968.07,-5913.56,2000
288741,-705610,-99894.1,-2540.89,-1442.29,-1231.86,2000
-3.45215e+06,-607219,-6.23748e+06,-5257.79,7670.8,-6315.46,2000
-3.08563e+06,1.71313e+06,-2.3978e+06,-294.525,-5625.72,2490.42,2000
4.28376e+06,2.7313e+06,-369869,781.784,8371.93,8230.72,2000
2.34242e+06,713574,-601979,-426.54,-3031.97,-2529.96,2000
2.03976e+06,792055,-1.05188e+06,-2002.45,-4210.53,4919.31,2000
-4.55269e+06,1.40625e+06,-559744,1177.26,-977.844,-2350.54,2000
-744898,2.34555e+06,-843715,724.466,-1061.2,7713.91,2000
6.95918e+06,1.85792e+07,8.33445e+06,7664.41,33175.5,12678.3,2000
-868582,651328,1.05627e+06,1372.09,-1903.12,-2868.3,2000
942325,-1.96714e+06,-1.4381e+06,-1197.12,4226.98,1105.76,2000
970059,-1.52641e+06,1.4004e+06,-2760.72,5626,-2122.1,2000
-1.55059e+06,-84228.3,-2.93026e+06,3700.42,1537.39,8181.66,2000
-2.41055e+06,613313,-1.22864e+06,1950.22,-475.334,5373.29,2000
-852009,2.63397e+06,-571670,2053.39,-6703.4,2859.92,2000
239852,-1.01388e+06,-3.44667e+06,748.323,567.249,9200.04,2000
511531,-941319,3.36291e+06,-1138.54,2331.29,-8293.62,2000
2.86401e+06,1.55083e+06,-952877,-7064.41,-4262.1,2565.8,2000
3.13108e+06,887696,-295636,-6869.88,-1736.73,1412.12,2000
1.50038e+06,-247462,-4.09495e+06,-3466.87,-1164.63,4856.07,2000
2.09151e+06,-1.44081e+06,2.38775e+06,-5601.48,4929.36,-5121.05,2000
486913,-2.10317e+06,3.74603e+06,2499.4,-857.332,-4098.47,2000
3.02122e+06,-421862,994157,-3657.41,2448.84,-3877.29,2000
-2.04914e+06,2.17543e+06,179334,4237.59,-4793.14,-1637.41,2000
5.46672e+06,-1.48248e+06,-1.31277e+06,25944.4,-5114.47,-1264.91,2000
2.83732e+06,-210584,643920,-6320.3,-3127.51,-2199.13,2000
-1.39036e+06,-740919,1.84908e+06,6881.77,4247.43,-2958.05,2000
1.94479e+06,-1.36479e+06,-1.56277e+06,-5602.85,2303.15,2933.51,2000
53910.1,5.11055e+06,3.87034e+06,3353.26,5938,6479.48,2000
1.89639e+06,-1.97917e+06,-2.16219e+06,10239.5,8260.67,4803.2,2000
2.33573e+06,-369461,-3.03355e+06,5371.67,563.75,3627.49,2000
4.03446e+06,4.45421e+06,-3.33584e+06,2598.63,511.654,-9318.76,2000
-286808,3.29393e+06,-2.19834e+06,683.69,8329.29,-6133.61,2000
840285,-1.45652e+06,2.68233e+06,-4338.37,3015.53,-6894.44,2000
2.81042e+06,-526115,991672,-4276.43,2668.72,-3294.28,2000
-376726,175489,3.12787e+06,1367.71,556.345,-8755.29,2000
-2.61e+06,545364,2.03222e+06,6593.52,-1973.81,-4789.98,2000
-186281,-360462,-2.82143e+06,-2750.49,2916.59,7002.52,2000
-1.43517e+06,2.44797e+06,2.22477e+06,2148.38,-5370.29,-4069.09,2000
18411.3,1.0864e+07,-4.41055e+06,-648.347,28088.3,-2432.61,2000
2.5464e+06,-491019,1.79045e+06,-6345.13,1993.13,-5343.27,2000
1.49662e+06,-1.07745e+06,-2.70424e+06,-3276.93,1295.02,7246.04,2000
-103418,-1.84459e+06,158114,-812.52,5141.08,-871.765,2000
1.5769e+06,-55214.2,3.30958e+06,-3047.08,185.234,-7863.14,2000
2.59234e+06,-702098,847188,-10030.9,-2056.08,2891.41,2000
-2.07581e+06,420517,657590,-3523.51,-3062.52,-5684.03,2000
673819,3.88409e+06,590820,-250.649,-7285.47,-1638.52,2000
834370,310519,-729772,-3312.09,-13184.9,16068.6,2000
1.9399e+06,-1.8591e+06,-1.2962e+06,-2727.39,4090.88,-3193.23,2000
-755017,2.76005e+06,-1.63924e+06,1211.95,-5109.43,4640.94,2000
1.1901e+06,-2.24772e+06,-2.37779e+06,-2801.15,6661.95,6861.12,2000
1.16679e+06,95390.4,-2.04382e+06,-1822.43,-1989.66,5421.83,2000
1.28195e+06,901870,1.79871e+06,-4323.34,-2753.75,-6728.81,2000
-1.41146e+06,106281,-3.25362e+06,3090.66,-1449.66,6464.86,2000
-426073,626911,2.94809e+06,2603.8,-877.857,-7544.17,2000
2.85129e+06,2.60645e+06,-693260,-3918.97,3033.44,1572.85,2000
-3.2585e+06,-2.66866e+06,-2.38266e+06,-5313.87,4663.59,3307.21,2000
-1.16092e+06,1.46263e+06,-2.96179e+06,-3398.34,25061.5,22619.5,2000
3.35124e+07,1.11777e+08,5.03558e+07,64748.2,211132,84178,2000
959635,-1.45539e+06,2.23402e+06,-2598.22,1384.25,-4827.69,2000
2.44267e+06,-1.86536e+06,-508713,-5477.38,6091.06,750.769,2000
3.85773e+06,-5194.27,-1.90379e+06,-3225.93,5111.88,-7564.12,2000
639714,-678603,2.04625e+06,-3644.05,-1319.99,-5778.66,2000
-2.18711e+06,-2.27951e+06,-676180,4980.14,4931.53,430.726,2000
2.91135e+06,-4.28502e+06,-1.55777e+06,-7589.68,-5990.26,1362.53,2000
2.72435e+06,196506,-898458,-7055.16,-495.949,1891.34,2000
1.12013e+07,-2.09607e+07,-4.55807e+06,167225,-376030,-107388,2000
-1.84718e+06,-1.28388e+06,-2.35916e+06,7480.87,-86.1523,465.565,2000
-2.57706e+06,-601087,2.20095e+06,5772.34,1491.57,-7146.26,2000
-3.26401e+06,989919,-447642,8543.44,-6744.24,-729.107,2000
-1.96771e+06,1.99565e+06,167582,4893.73,-7945.49,-2736.55,2000
3.05264e+06,423072,1.93778e+06,3727.31,-11517.6,-4456.99,2000
2.62603e+06,450162,695789,-5063.57,-1693.44,-2594.77,2000
-862402,-3.50752e+06,886778,1378.28,6913.02,-2617.16,2000
544508,-1.31248e+06,582750,-1362.73,4551.32,-1523.61,2000
662982,3.57916e+06,-97437.6,-1126.98,-6891.77,-699.932,2000
-2.27075e+06,264288,131097,3926.88,424.642,-420.899,2000
2.66935e+06,-736963,1.98405e+06,-3740.96,2083.79,-7850.03,2000
-4.90239e+07,3.02858e+08,-1.72328e+08,-82368.8,501792,-294827,2000
581415,-1.93145e+06,-2.1709e+06,574.957,2537.68,1913.13,2000
-758338,-1.82736e+06,2.76846e+06,2061.78,3395.53,-7587.3,2000
1.54302e+06,1.44797e+06,1.32316e+06,-2298.53,-8574.3,-5062.79,2000
2.57535e+06,167528,-447494,-1235.53,-5146.86,2213.41,2000
-2.19195e+06,1.88241e+06,-2.35173e+06,3324.27,-3804.35,3077.03,2000
6.10628e+06,-2.11488e+06,-862798,6105.79,2260.03,-10227,2000
2.05936e+06,-1.13288e+06,-2.3427e+06,-4363.26,1803.01,7339.76,2000
1.60462e+06,-849481,-1.44567e+06,-1844.66,1731.67,4770.74,2000
1.80995e+06,-1.8563e+06,-1.66677e+06,-4387.22,6889.76,5809.65,2000
731397,2.414e+06,488227,16.2456,-5295.68,1813.59,2000
-1.3622e+06,2.6893e+06,909029,2451.23,-6518.59,-3309.45,2000
2.75404e+06,-1.19186e+06,-69673.7,-4147.98,1904.29,943.806,2000
2.23239e+06,-961162,2.48679e+06,-9152.33,-4903.25,1935.31,2000
1.98409e+06,-5.83057e+06,-3.82634e+06,10085.1,-9825.92,-14712.9,2000
-7.38534e+06,-1.57288e+06,-8.76027e+06,-6730.56,6675.59,-18153.7,2000
-7.38406e+06,-1.40398e+07,-1.46115e+07,-12435.3,-38836.5,-23795.1,2000
-4.50209e+06,3.04166e+07,6.56159e+06,-4290.98,48363.6,5983.15,2000
-6.54979e+06,-3.91342e+06,-1.65232e+06,-7495.93,1510.32,-3909.3,2000
1.05626e+06,282886,-1.82701e+06,-2450.72,-1340.87,6774.07,2000
-2.38453e+06,384363,737827,6200.25,-4470.75,-4841.69,2000
-2.48376e+06,293760,454304,5022.75,1233.39,-1021.51,2000
-3.31562e+06,-785989,-1.22536e+06,6996.31,2071.24,1850.8,2000
-901000,-44337.1,253016,1073.68,-1104.02,-962.306,2000
-6.86602e+06,369847,8.49826e+06,-6518.48,4177.68,13704.2,2000
1.73157e+06,1.071e+06,-446533,-3281.98,-94.2807,3436.48,2000
1.84936e+06,-1.75941e+06,-1.2687e+06,-6184.2,5009.03,9500.99,2000
2.88408e+06,-1.78692e+06,-540703,-8619.64,4830.52,1088.7,2000
587790,1.16371e+06,512868,-3875.81,-1577.54,-6370.61,2000
325041,-904466,-418941,-2500.99,2267.26,78.1772,2000
-375260,1.6722e+06,-1.1256e+06,-1374.89,-5439.81,2603.02,2000
-826605,-1.799e+06,-1.49939e+06,3447.81,5035.61,2999.28,2000
6.7378e+06,336743,-5.5392e+06,20786.1,-3245.8,-8860.96,2000
-156546,1.25228e+06,-1.38939e+06,1917.53,417.799,2170.17,2000
-1.74835e+06,2.64955e+06,-4.68235e+06,-5889.13,-1561.76,-9174.4,2000
-891598,-2.86228e+06,-459798,4575.28,5315.74,-1141.81,2000
3.37011e+06,-5.88627e+06,8.69189e+06,5401.4,64.4345,11575.7,2000
-1.3269e+06,-1.27778e+06,1.77817e+06,4078.83,5151.4,-7174.16,2000
1.0655e+06,1.44684e+06,701040,-536.376,-4141.18,-226.482,2000
-1.09727e+07,-1.43364e+07,3.86728e+06,-10410.1,-26123.9,9083.97,2000
-1.29642e+06,3.6407e+06,-310135,1467.06,-8692.95,-1409.23,2000
-555552,659413,2.76435e+06,3434.73,-2785.26,-4709.59,2000
2.86325e+06,-433461,826240,-4724.5,-782.461,-2745.5,2000
-57096.9,-750332,-114685,2660.77,1030.68,31.1845,2000
-1.44996e+06,-695253,1.21606e+06,8041.03,4727.64,-467.166,2000
-1.81678e+06,1.72019e+06,1.67087e+06,4251.82,-5995.85,-7229.19,2000
-1.50799e+06,-871391,-218457,8063.87,1340.47,4072.91,2000
-824394,-896800,1.50715e+06,2553.87,5490.33,-3395.62,2000
-2.25264e+06,-862865,-1.85158e+06,3082.22,5371.36,6024.17,2000
2.47501e+06,-1.78886e+06,-472336,-4678.3,4862.97,-2827.85,2000
2.02737e+06,1.74036e+06,1.9902e+06,709.974,5084.72,-5685.58,2000
-138582,547695,2.66378e+06,23.6422,604.056,-6761.4,2000
-827294,-3.43016e+06,773655,1.59581,10774.8,166.692,2000
-1.96482e+06,2.10874e+06,228390,8667.99,-4364.36,1114.12,2000
3.80694e+06,437747,-1.95914e+06,-3120.21,916.989,-147.022,2000
-1.44592e+06,-4.04358e+06,-876759,-10513.6,-4961.73,-21117.6,2000
2.83302e+06,-511485,678494,-3891.24,-465.252,-4315.17,2000
2.53992e+06,-1.55265e+06,-328275,-6928.79,2282.27,-1565.12,2000
1.27056e+06,-1.91181e+06,-2.16343e+06,-2777.92,2688.72,5876.31,2000
-1.36672e+06,-1.24847e+06,2.06274e+06,3916.3,5636.29,-4952.3,2000
1.87385e+06,-1.75156e+06,-1.16296e+06,-2314.4,5200.63,-1699.79,2000
2.27563e+06,-69286,3.02463e+06,-5015.74,-272.383,-6315.27,2000
2.43703e+06,887603,1.05344e+06,-6548.97,-1831.51,-4192.63,2000
1.11808e+06,17279.2,-12062.7,11974.8,7431.38,5740.93,2000
352950,1.51254e+06,3.09477e+06,-1244.69,-4556.48,-6302.04,2000
-338769,911374,3.30635e+06,-13.9648,-2391.18,-9870.96,2000
-3.27654e+06,3.48055e+06,-2.36209e+06,-19382.8,-4261.81,-8863.27,2000
771900,68476.9,3.23395e+06,-1338.85,554.129,-9022.45,2000
2.71829e+06,-785534,1.87127e+06,-5937.4,1062.18,-4366.78,2000
4.10813e+06,1.5477e+07,-5.77385e+06,15778.4,25325.6,-7517.44,2000
-748275,1.62242e+06,1.26081e+06,1725.57,-4859.63,-2303.58,2000
8.46844e+06,-4.69019e+06,-1.75462e+06,35610.6,-17863,12115.8,2000
-2.05276e+06,-153747,-133699,6227.64,494.237,3297.64,2000
3.74783e+06,-154205,313482,-8588.41,-672.402,163.01,2000
-2.89254e+06,-2.03611e+06,-1.55349e+06,5350.8,3110.66,4125.57,2000
-487995,1.64401e+06,-2.04172e+06,824.478,-2828.86,3888.26,2000
878567,2.02471e+06,244434,-1253.39,-6261.37,-58.1574,2000
-1.97603e+06,508930,-1.88371e+06,3703.85,2110.4,4020.89,2000
-1.26047e+06,-1.2547e+06,-2.19418e+06,3199.23,3433.78,3587.56,2000
-694228,1.7308e+06,-2.92623e+06,-77.4125,-3991.76,6295.16,2000
-662126,722790,455659,-705.894,-2410.09,331.313,2000
-641445,-1.00893e+06,-236485,1146.33,3173.71,-1272.75,2000
-1.57472e+06,-579228,1.04972e+06,7440.5,5937.74,-747.854,2000
-2.7693e+06,2.58537e+06,579489,5749.25,-5732.3,-1595.76,2000
-1.8206e+06,-665150,-399148,3414.49,2445.65,2564.83,2000
-1.42466e+06,-684940,1.16224e+06,4226.39,1627.54,-3277.17,2000
-1.20678e+06,-1.33841e+06,-409208,5058.91,2983.41,1494.9,2000
-2.80359e+06,-1.32582e+06,-513795,6730.9,3181.57,673.089,2000
2.51851e+06,2.28748e+06,-1.00982e+06,-5076.63,-5462.2,2324.28,2000
-2.77185e+06,-268076,-1.69733e+06,6185.71,78.2992,2410.85,2000
2.70053e+06,227514,623898,-3137.99,-702.654,-1201.2,2000
-5.77905e+06,4.4316e+06,1.45932e+06,-12134,2574.12,16850.2,2000
1.34127e+06,1.20112e+06,1.74455e+06,-1127.36,-2914.98,-4333.06,2000
1.18504e+06,1.4172e+06,1.43056e+06,-2642.8,-2157.5,-3948.44,2000
-1.09771e+07,1.99808e+06,-60733.1,-21866.6,5455.4,2223.54,2000
-5.42297e+06,-1.16534e+07,-2.51702e+06,-6691.18,-20733.2,-3488.65,2000
1.59483e+07,-4.85467e+07,6.08876e+07,34198.4,-78291,109144,2000
-4976.86,1.17446e+06,3.04472e+06,-1737.68,-3424.25,-6718.76,2000
-5.17372e+06,-5.93371e+06,-3.69996e+06,-11147,-19328,-19654.9,2000
1.77978e+06,-1.99621e+06,-1.47023e+06,-5575.57,7027.48,8763.7,2000
204532,-986857,-273655,-3564.32,3242.73,2116.32,2000
-1.38829e+06,3.1525e+06,131037,2893.72,-7188.48,-370.881,2000
376374,-2.11257e+06,-1.53552e+06,328.715,7386.89,1231.11,2000
-913310,2.45474e+06,2.71628e+06,6567.74,3357.45,-1931.19,2000
-3.63466e+06,1.03883e+06,228345,5769.31,-3125.29,2312.09,2000
-1.14509e+06,648509,70208.6,13210.8,-2094.89,-3944.5,2000
1.41972e+08,2.31404e+07,1.19363e+06,224513,34446.5,9913.17,2000
7.03806e+06,8.44352e+06,-5.89117e+06,12407.4,26016.6,-18782.6,2000
2.73474e+07,3.55309e+07,9.5899e+06,36932.1,64598,15569.4,2000
-3.23585e+06,1.08061e+06,-181271,5116.73,-1133.39,1333.42,2000
73132.8,-2.10185e+06,-741138,-6101.94,-2333.54,1378.87,2000
-2.15186e+06,589539,-3.12429e+06,3519.79,-4244.74,5535.97,2000
1.38814e+06,1.18239e+06,3.185e+06,-3777.85,70.1803,-7661.5,2000
2.99278e+06,-504281,493744,-2266.78,-407.069,302.4,2000
317025,-1.70916e+06,-2.41034e+06,2138.86,2688.46,7130.79,2000
3.1604e+06,-1.38756e+06,-982167,-7324.46,570.852,2888.94,2000
-2.67193e+06,-2.12791e+06,-1.48401e+06,6251.7,6426.88,2482.63,2000
1.02628e+06,998492,1.048e+06,-3122.6,-403.024,659.099,2000
-1.12826e+06,-1.34794e+06,-2.23285e+06,1064.33,6729.44,5474.75,2000
-414845,150904,2.41512e+06,1621.18,863.42,-7887.96,2000
-2.48694e+06,-1.94564e+06,1.02932e+06,6469.25,4511.99,-2016.09,2000
-3.21254e+06,844986,-874374,9066.17,-39.6872,2826.26,2000
3.54173e+06,-2.32601e+07,819113,5641.84,-31885.1,2243.06,2000
2.31766e+06,2.97975e+06,-867675,-4377.22,-5677.49,2509.47,2000
2.56322e+06,1.18422e+06,1.8529e+06,-5380.73,-4591.33,-5019.19,2000
75131.3,-2.60836e+06,-584091,996.142,7344.58,1926.94,2000
-1.12183e+06,-90204.8,142149,3343.5,-424.375,917.773,2000
-834407,-67674.8,-3.14871e+06,2195.99,-638.112,5856.27,2000
-2.98122e+08,-3.64096e+07,9.46447e+07,-584852,-75861.2,183318,2000
465214,-924633,-6.69785e+06,602.115,5136.12,-6659.88,2000
-1.83285e+06,-505666,-2.48367e+06,5266.35,20.4045,5628.83,2000
297555,641620,2.04959e+06,-5840.4,-10740.8,7273.49,2000
897863,-1.88738e+06,-2.20278e+06,-2687.8,4957.47,7911.49,2000
2.47476e+06,573774,-1.52346e+06,-3434.13,-426.756,4866.86,2000
-1.99706e+06,-285774,1.17842e+06,8697.85,-649.855,724.308,2000
-2.08826e+06,-1.01489e+06,-1.98853e+06,7183.35,-931.986,4050.42,2000
-6.50518e+06,-1.54299e+07,1.11513e+07,-14301.7,-22125.9,15551.8,2000
-1.86263e+06,2.04417e+06,177341,3561.1,-10077,240.743,2000
2.42973e+06,-2.64683e+06,611752,-4129.86,6326.62,-2572.75,2000
-1.42245e+06,-665969,-2.21344e+06,2311.39,160.488,5056.31,2000
-1.55042e+07,2.43141e+06,8.37209e+06,-16153.3,1012.24,13053.6,2000
1.38431e+06,1.18293e+06,1.32862e+06,-1386.83,-3999.3,-2298.54,2000
1.16253e+06,813985,919990,-2914.7,-1032.69,-1157.11,2000
7.41494e+06,-3.17645e+06,-944416,12345.3,983.007,-8568.06,2000
5.50111e+06,145665,-711798,5967.34,-8721.42,-11785.2,2000
-722245,834906,3.21171e+06,4006.88,-976.242,-7245.71,2000
3.02451e+06,220583,-1.72745e+06,-6307.59,-1616.32,5123.5,2000
260917,-1.56135e+06,-2.52876e+06,-307.577,1501.03,7758.5,2000
-2.83672e+06,-1.88604e+06,-1.51245e+06,8364.58,903.356,2532.13,2000
2.15011e+06,-1.47198e+06,-1.38978e+06,-3378.94,3818.15,2995.64,2000
1.34482e+06,-74121.1,1.15981e+06,6611.76,9424.67,11721.7,2000
-1.57816e+06,3.44716e+06,4.62212e+06,-13789.4,732.556,3612.34,2000
1.59353e+06,-1.0009e+06,-172262,-2723.67,2252.68,-1082.63,2000
645917,-2.57348e+06,-1.80702e+06,-786.589,8454.39,3717.28,2000
-3.15514e+06,1.06125e+06,1.14075e+06,1794.19,-9586.1,4104.73,2000
736759,-2.00237e+06,-1.64169e+06,-1306.3,5835.39,2544.07,2000
-2.39188e+06,2.53509e+06,-1.24021e+06,4294.24,-5579.94,2619.24,2000
1.02773e+06,-547439,-3.5206e+06,-2525.65,1285.94,7079.6,2000
441779,-1.43662e+06,-262383,-769.8,5468.6,306.038,2000
-125470,-944504,-2.92924e+06,493.233,-767.665,7368.04,2000
-2.85033e+06,1.28121e+06,-1.83247e+06,5715.73,-3435.3,4172.94,2000
-2.60219e+06,301852,457099,7616.89,-1348.97,-726.309,2000
-1.00548e+06,-1.25434e+06,1.41417e+06,7467.83,1949.56,-5203.91,2000
-1.35113e+06,3.09468e+06,682144,1933.65,-9125.12,-2399.35,2000
-176898,-2.88094e+06,365481,-771.768,6842.58,-1837.85,2000
2.50547e+06,902514,816066,-5776.78,-1767.61,-1039.52,2000
-310143,-2.35293e+06,72543.4,-34.4061,5933.87,-1351.41,2000
2.29417e+06,1.80453e+06,-1.52412e+06,-5107.81,-6104.5,4896.11,2000
-2.00282e+06,-1.28303e+06,-2.03897e+06,1930.55,-838.803,2372.26,2000
-599559,-3.1562e+06,550801,2140.88,7717.44,-835.149,2000
-2.19448e+06,-613428,1.72325e+06,6146.03,6317.65,-3059.59,2000
-711859,-1.92689e+06,1.35425e+06,2123.33,5187.8,-3022.94,2000
2.90467e+08,3.92771e+07,-9.03706e+07,587620,74905.4,-185235,2000
4.91045e+07,-2.96294e+08,1.78381e+08,82274.2,-503485,293603,2000
567848,-966547,1.57772e+06,-1171.07,2306.22,-3938.12,2000
1.22001e+06,1.44866e+06,1.60661e+06,-1148.75,-5689.73,-3545.91,2000
-1.607e+06,-2.51503e+06,1.19513e+06,6116.91,4960.26,-2855.51,2000
-1.40869e+06,2.00754e+06,1.9481e+06,1744.12,-4763.6,-5785.26,2000
-1.08699e+07,-8.38725e+06,4.45227e+06,-15036.7,-11973.9,3370.74,2000
-79703.9,2.19055e+06,897331,-1842.28,-3180.84,-4696.16,2000
5.92411e+06,3.20121e+07,1.00486e+07,1614.35,58781.3,19487,2000
-491746,-899998,-1.04929e+06,6994.97,-10980.4,-6596.46,2000
-1.93054e+06,1.84915e+06,-191292,-523.684,-7004.54,1617.93,2000
1.89148e+06,609988,-1.7366e+06,-3763.09,-4324.67,7129.73,2000
219191,-3.46255e+06,1.73053e+06,120.025,6984.72,-3514.83,2000
2.2386e+06,1.79733e+06,630663,-3096.15,-3749.11,-3518.69,2000
145554,-2.31202e+06,-1.3067e+06,-1161.7,1257.9,8035.4,2000
872067,-1.08102e+06,705540,3311.11,-2104.65,-9656.74,2000
-2.66606e+06,1.08399e+07,-2.51373e+07,-11323,30607.8,-61859.7,2000
7.00554e+06,-1.31751e+06,2.113e+06,7260.28,4770.3,9080.61,2000
-1.87239e+06,-332462,433447,7837.4,-2420.83,5093.68,2000
510748,-1.06727e+06,1.97378e+06,-3652.21,2477.42,-6397.31,2000
1.12976e+07,-1.14678e+07,1.53732e+07,23825.5,-22678,18058,2000
-1.73626e+06,1.50112e+06,1.51743e+06,762.214,-2974.79,-7803.06,2000
-2.64866e+06,1.66305e+06,1.34894e+06,7417.88,-3520.9,-2714.64,2000
-6.84444e+06,-1.49298e+07,-9.44707e+06,-9003.83,-23316.5,-15794.7,2000
2.75592e+06,-610294,2.87229e+06,9004.69,9077.66,3488.12,2000
538591,-2.04507e+06,-1.88047e+06,1836.71,3389.95,5165.15,2000
-1.4297e+06,2.221e+06,-163126,537.134,-3782.03,2871.81,2000
615011,3.23889e+06,-89703.5,-323.997,-5367.86,-1413.89,2000
-368920,-1.46588e+06,1.63175e+06,2636.11,1892.96,-6366.13,2000
-904133,-2.94208e+06,1.9261e+06,-4623.09,-3469.33,-5867.75,2000
-770269,510966,-96915.6,1285.12,-2875.61,1422.9,2000
-233348,3764.71,2.24549e+06,-976.71,-754.304,-5110.85,2000
2.24239e+06,2.09158e+06,-2.42967e+06,-3570.08,-3168.27,3418.27,2000
2.60869e+06,1.0554e+06,1.87866e+06,-7201.46,-1454.52,-5451.38,2000
-623502,-712518,1.35594e+06,2505.42,-1781.91,-2342.51,2000
672432,-1.08114e+06,1.73028e+06,-5515.96,6672.8,-4480.59,2000
542061,1.04138e+06,1.64736e+06,1156.17,-2462.59,-4774.51,2000
-8.58893e+06,3.35768e+06,-5.45482e+06,-35242.1,15531.6,-3495.95,2000
1.21247e+07,144141,687522,6549.75,-271.804,-250.638,2000
1.3449e+07,-336024,-752562,12142.5,159.622,2597.56,2000
2.84526e+07,-2.36402e+07,2.8407e+07,35552.5,-41484.6,52621.9,2000
1.44986e+07,-143101,-121436,6801.49,-218.693,102.5,2000
1.37284e+07,-834894,-187263,6575.96,230.985,-38.1667,2000
1.45143e+07,-1.7419e+06,-1.24128e+06,12690.9,-5516.71,-85.0985,2000
1.18038e+07,706274,546812,7105.53,-1316.84,122.242,2000
1.24361e+07,-328388,404.999,6991.02,-444.124,-74.767,2000
1.29341e+07,-796521,-459532,7150.88,1081.28,593.83,2000
1.40102e+07,-590800,-394563,7074.47,270.711,912.823,2000
1.31167e+07,-681417,-730225,7057.33,963.766,1060.05,2000
1.12223e+07,-378979,135371,6817.24,639.897,-4.34758,2000
1.1942e+07,355206,200402,9259.59,1950.81,2783.42,2000
1.4444e+07,-517317,-458961,10029.7,-1514.23,2223.14,2000
1.25029e+07,-399592,561431,6859.11,219.249,-1180.02,2000
1.2298e+07,-487256,-609163,7149.89,479.374,1625.19,2000
1.21475e+07,462558,-972289,6240.41,-1161.82,-124.282,2000
1.29466e+07,-477922,2.6852e+06,1312.32,50.0342,10702.8,2000
1.31038e+07,1.17169e+06,288990,7116.57,-1160.58,-160.98,2000
1.4729e+07,-2.89772e+06,793186,11462.7,-3527.65,1269.82,2000
1.45138e+07,-113882,-311742,6866.96,-713.326,-577.506,2000
-2.3286e+06,2.35654e+07,-3.08003e+07,-18490.7,41283,-51176.8,2000
1.26104e+07,484052,-592590,8378.97,-1033.91,1629.25,2000
1.17198e+07,-375999,334031,7248.05,801.587,-446.101,2000
1.37065e+07,-1.1092e+06,57235.5,7521.45,-3318.22,-1802.54,2000
1.25163e+07,687441,834160,6502.74,-1143.24,-691.516,2000
1.3052e+07,454816,-838207,6922.59,-1018.26,934.537,2000
1.22514e+07,-526546,-530277,7478.63,396.12,492.193,2000
1.18104e+07,256842,-359045,7034.78,-531.695,846.578,2000
5.9381e+07,1.76217e+06,1.76444e+07,88945.2,1901.44,30545.6,2000
1.1633e+07,58658.7,797857,6994.39,-184.093,-1323.41,2000
1.36287e+07,-804720,-116441,7482.65,325.143,-865.42,2000
1.33056e+07,-465401,-1.00135e+06,6827.23,360.474,1479.44,2000
1.19853e+07,-403738,318821,7164.23,293.794,-977.27,2000
1.20505e+07,-795030,-423130,7321.77,1333.74,741.641,2000
1.2064e+07,617742,788305,6277.34,-1409.01,-753.101,2000
1.36944e+07,-100314,680189,6954.25,32.235,-892.953,2000
1.14979e+07,668965,-247976,6805.83,-1225.8,323.019,2000
1.37465e+07,-814469,-187128,7441.06,2503.34,377.835,2000
1.23734e+07,-445699,280136,6638.58,1205.84,-884.46,2000
1.25974e+07,151907,142254,6648.09,-681.971,-326.681,2000
-3.43413e+07,-969062,-1.75684e+07,-71185.1,-2799.25,-29438.7,2000
1.21735e+07,-379580,293042,7091.52,1004.24,-548.885,2000
1.31362e+07,1.6121e+06,1.04026e+06,6339.6,2380.29,456.832,2000
1.20852e+07,-4102.69,-33237.9,7202.49,-365.611,404.909,2000
1.32309e+07,86465,-848208,6979.12,-221.248,630.718,2000
1.32722e+07,-1.47003e+06,-590716,7444.71,-2326.41,291.688,2000
1.35532e+07,-892318,409991,7020.84,949.353,-745.282,2000
1.19616e+07,709315,697380,7416.8,-904.926,-759.131,2000
1.39611e+07,-742568,-158361,6934.89,466.651,739.805,2000
1.21381e+07,177563,614143,7053.02,-130.909,-1462.87,2000
1.24222e+07,-336308,36139.5,5059.97,1007.18,-56.5156,2000
1.32822e+07,-400296,-463305,6761.15,9.19922,117.618,2000
1.19273e+07,-321651,-1.1419e+06,2591.26,327.66,191.512,2000
1.26148e+07,-583342,786077,7104.88,871,-1364.49,2000
1.31813e+07,544165,655829,6646.14,125.08,2968.67,2000
1.28027e+07,481634,-1.22309e+06,11243.8,3198.98,-4169.16,2000
1.34793e+07,-424458,-2.81896e+06,7276.05,-902.549,-1548.04,2000
1.26317e+07,-516397,-112525,6622.16,1240.65,82.9351,2000
1.2184e+07,529284,897896,6012.39,-263.809,-1260.48,2000
1.37039e+07,161789,-536766,6950.18,-334.054,596.257,2000
1.25164e+07,78201.3,-211911,6832.65,-640.172,485.597,2000
1.00335e+07,446295,-916018,4043.33,-634.542,-401.632,2000
1.22444e+07,506005,858044,7385.74,-454.405,-1751.5,2000
1.60732e+07,-5.15628e+06,7.25164e+06,12915,-7496.16,11269.4,2000
1.19717e+07,561897,821678,7410.63,-1238.59,-444.944,2000
9.33223e+06,4.21325e+06,-6.743e+06,1431.51,7508.17,-11139.3,2000
1.24562e+07,-422899,1821.47,7176.15,384.13,30.8234,2000
1.29368e+07,-1.04349e+06,-41105.2,7108.23,1400.71,-306.239,2000
1.17271e+07,-750989,-80529,7023.08,1205.89,91.0839,2000
1.32815e+07,652316,-543283,7026.64,-1174.35,348.122,2000
1.3302e+07,-949897,-345717,4928.2,-80.1097,76.9288,2000
1.42295e+07,-337783,-599929,6848.87,-243.863,911.687,2000
1.28997e+07,-386377,-951095,7053.91,757.302,1361.1,2000
9.01361e+06,2.23937e+06,-815684,1828.6,3958.19,-1042.47,2000
1.2833e+07,294565,245188,9276.51,-1256.54,1514.06,2000
1.1897e+07,666262,-1.32439e+06,4170.12,874.35,476.839,2000
1.09034e+07,1.93942e+06,-660714,1835.76,5276.92,1661.34,2000
1.58114e+07,-376397,-2.82075e+06,12956.4,438.308,-11395,2000
1.49399e+07,-271172,-353518,8894.58,1523.57,22.1306,2000
1.24309e+07,-345630,612.755,8429.36,-283.405,451.238,2000
1.06108e+07,-756381,-889000,4326.22,-1873.43,-1066.99,2000
1.22653e+07,109371,117672,7023.74,-856.505,-302.191,2000
1.37826e+07,376313,-373830,7262.22,-758.51,50.4917,2000
1.41516e+07,477976,-137298,7058.87,-795.026,-301.792,2000
1.26443e+07,748093,-717712,7024.11,-1482.73,589.083,2000
1.29835e+07,729429,-353342,6694.2,2923.59,799.685,2000
6.78973e+06,-1.23198e+07,-4.95866e+06,-4572.99,-18864.4,-7212.91,2000
1.23414e+07,46878.8,-598234,3163.6,-4418.97,6805.39,2000
2.29168e+07,1.29517e+07,5.04177e+06,20860.1,19786.9,8070.63,2000
1.28053e+07,-1.06589e+06,-296986,7258.99,1551.85,351.571,2000
1.31083e+07,-57712.4,460912,6957.28,-5.87264,-861.411,2000
1.23175e+07,-660502,-385136,7014.31,1186.95,458.851,2000
1.29621e+07,-569557,707077,6899.6,414.102,-1264.43,2000
1.12657e+07,-150443,-63767.2,6907.19,-59.9511,309.841,2000
1.40311e+07,483646,-383834,6929.92,-929.497,513.292,2000
1.31586e+07,-654949,582701,6832.83,760.437,-719.589,2000
1.42541e+07,-108006,-135044,7474.5,-270.722,-208.494,2000
1.17246e+07,-153365,622720,6950.18,273.3,-1077.38,2000
1.32481e+07,101969,336018,6818.83,-489.821,-225.014,2000
